Restaurants,Food Offered,Reviews,Disounts
Delite Chaat House,"Chaat, Fast Food, Street Food, Indian, North Indian, Maharashtrian, Rajasthani, ...",3.9,10% off | Use TRYNEW
Anand Sweets and Savouries,"Sweets, Snacks, North Indian, Desserts",N/A,N/A
Burger King,"American, Fast Food",N/A,60% off | Use STEALDEAL
Pockets and Bowls,"Thai, Asian, Lebanese, Burmese, Japanese, Malaysian",N/A,50% off | Use SWIGGYIT
Meghana Foods,"Biryani, Andhra, South Indian, North Indian, Chinese, Seafood",N/A,N/A
Al Daaz,"American, Arabian, Chinese, Desserts, Fast Food, Mughlai, North Indian",N/A,N/A
Zomoz - The Momo Company,"Tibetan, Chinese, Asian, Fast Food, Street Food",N/A,N/A
Le Arabia,"Arabian, Biryani, North Indian, Kerala, Chinese, Kebabs, Fast Food, Beverages, S...",3.8,60% off | Use STEALDEAL
Donne Biriyani House,"Biryani, South Indian, Kebabs",N/A,30% off | Use TRYNEW
Kannur Food Point,"Kerala, Chinese",N/A,40% off on all orders
Falahaar & Kota Kachori,North Indian,N/A,10% off | Use TRYNEW
Chaat Street,"Fast Food, Snacks, Chaat, Street Food, Beverages, Combo, North Indian, Indian, M...",N/A,15% off | Use TRYNEW
Truffles,"American, Continental, Desserts, Italian",N/A,40% off | Use TRYNEW
Sandwich Guru,"Fast Food, Snacks, Beverages",N/A,45% off on all orders
SMOOR,"Cafe, Desserts, Beverages, Bakery, Continental, Italian, Pizzas, Fast Food",N/A,60% off | Use TRYNEW
Kannur food kitchen,"Kerala, Biryani, Beverages",N/A,50% off on all orders
Leon Grill,"Turkish, Portuguese, American, Grill",N/A,60% off | Use TRYNEW
CakeZone,"Desserts, Bakery, Sweets, Ice Cream, Beverages, Juices, Bengali",N/A,N/A
Mumbai Xpress,"Fast Food, North Indian, Chinese",N/A,50% off | Use TRYNEW
Chai Point,"Bakery, Cafe, Combo, Beverages, Maharashtrian, Snacks, Street Food, South Indian...",N/A,15% off | Use PARTY
Shanthi Sagar,"North Indian, Chinese, South Indian",3.8,30% off | Use TRYNEW
Hotel Empire,"North Indian, Chinese, South Indian, Biryani",3.8,20% off | Use TRYNEW
California Burrito,"Mexican, American, Salads, Continental, Keto, Healthy Food",N/A,40% off | Use TRYNEW
KFC,"American, Fast Food, Snacks",N/A,20% off | Use TRYNEW
Onesta,"Italian, Desserts, Pizzas, American, Snacks",3.5,60% off | Use STEALDEAL
99 VARIETY AND DOSA & PAV BHAJI,South Indian,3.9,20% off | Use UNLIMITED
Corner House Ice Cream,"Ice Cream, Desserts",N/A,N/A
MTR,South Indian,N/A,N/A
Kundana Andhrastyle family restaurant,"Biryani, North Indian, Chinese, Andhra, Mughlai, Hyderabadi, Punjabi, Tandoor, I...",3.8,60% off | Use TRYNEW
McDonald's,"American, Fast Food",N/A,N/A
Cafe Grill,North Indian,N/A,N/A
FICO,"Pizzas, Desserts, Pastas",N/A,60% off | Use STEALDEAL
Kanti Sweets,Sweets,N/A,N/A
The Tea Brewery,"Beverages, Snacks, Bakery, Desserts",N/A,40% off | Use TRYNEW
Hari Super Sandwich,"Fast Food, Street Food",N/A,20% off | Use TRYNEW
Namaste,"South Indian, Thalis, Biryani, Fast Food, Desserts, Beverages, Indian",N/A,50% off on all orders
Rolls Kitchen,Fast Food,N/A,N/A
99 VARIETY AND DOSA & PAV BHAJI,South Indian,3.9,20% off | Use UNLIMITED
Subway,"Fast Food, Salads, Snacks, Desserts, Beverages",N/A,N/A
Colombo Idli House,"South Indian, Sri Lankan, Combo, Snacks, Fast Food, Italian, Tandoor",N/A,20% off | Use TRYNEW
Paratha Box - 2X Filling,"North Indian, Punjabi, Fast Food, Indian, Beverages, Snacks, Healthy Food",N/A,50% off | Use TRYNEW
Shree Mahalakshmi Sweets,"Sweets, Snacks",3.9,50% off | Use TRYNEW
Purani Dilli By Anand Sweets,"North Indian, Chaat, Snacks, Chinese, Fast Food",N/A,N/A
Rajvardhan Foods,Maharashtrian,N/A,40% off | Use TRYNEW
A2B Veg,"South Indian, North Indian, Sweets, Chinese",3.7,N/A
Sri Krishna sagar,"South Indian, North Indian, Fast Food, Beverages, Jain",N/A,N/A
Udupi Palace,"Beverages, Biryani, Chinese, Desserts, North Indian, South Indian",N/A,20% off | Use TRYNEW
Nagarjuna,"Andhra, South Indian, Biryani, Combo, Beverages, Desserts",N/A,N/A
Nandhana Palace,"Biryani, Andhra, South Indian, North Indian",N/A,20% off | Use TRYNEW
Thalaivars Biryani,"Andhra, Biryani, Hyderabadi, South Indian, Indian, Combo, Beverages",N/A,40% off | Use TRYNEW
Dindigul Thalappakatti,"South Indian, Chinese",N/A,20% off | Use JUMBO
SMOKE HOUSE DELIVERY,"European, Italian, American, Pastas, Salads, Juices, Desserts, Combo",N/A,50% off | Use TRYNEW
Anjappar,"Chettinad, Thalis, Biryani, Chinese, Tandoor, South Indian, North Indian",3.9,60% off | Use TRYNEW
Momo Rice Noodles,"Chinese, Thai",N/A,20% off | Use PARTY
Wow! China,"Tibetan, Fast Food, Chinese, Asian, Snacks, Continental, Desserts, Beverages",N/A,50% off | Use TRYNEW
Homelike,"Home Food, North Indian, Biryani, Thalis, Beverages, Chinese, Healthy Food, Indi...",N/A,60% off | Use STEALDEAL
Hatti Kaapi - Coffee and more,"Beverages, Fast Food, South Indian, Snacks, Bakery, Combo",N/A,30% off | Use TRYNEW
Fish & Fries,"Seafood, Bengali, Thalis, Biryani, Continental, Indian, Fast Food, Steakhouse",N/A,20% off | Use TRYNEW
Simpli Tiffins,South Indian,3.8,60% off | Use TRYNEW
Pizza Hut,"Pizzas, Fast Food",N/A,N/A
Mallu family Restaurant,"Indian, Chinese, Arabian",3.4,50% off | Use TRYNEW
Rolls Mafia,Fast Food,N/A,20% off on all orders
Little Italy,"Pizzas, Salads, Combo, Italian, Mexican, Desserts, Beverages",N/A,60% off | Use DEAL60
"Asia Alive, DoubleTree Suites by Hilton Bangalore","North Indian, Indian, Fast Food, Snacks, Chinese",N/A,50% off | Use TRYNEW
Belgian Waffle Factory,"American, Desserts, Fast Food",N/A,60% off | Use STEALDEAL
TATA Cha - Chai Warmth,"Bakery, Fast Food, Street Food, Beverages, Maharashtrian, Indian",N/A,60% off | Use STEALDEAL
Pasta Street,"Italian, Pizzas, Pastas, Desserts, Beverages",N/A,40% off | Use TRYNEW
Kabab magic,"Chinese, South Indian, North Indian, Fast Food, Mexican, Kerala",N/A,N/A
Gongura Grand,"Biryani, Chinese, Andhra, North Indian, Tandoor",3.9,40% off | Use TRYNEW
Levels Pub & Kitchen,"Indian, Chinese, Pizzas",N/A,20% off | Use TRYNEW
Tea Villa Cafe,"Chinese, Continental, Desserts, Fast Food, Italian, Mexican, Pan-Asian",N/A,N/A
Le Gateau - The Cake Shop,Desserts,N/A,N/A
The Biryani Life,"Biryani, Hyderabadi, Lucknowi, North Indian, Mughlai, Combo, Desserts",N/A,60% off | Use STEALDEAL
Asia Kitchen By Mainland China,"Asian, Chinese, Oriental",N/A,60% off | Use DEAL60
Bake and Juice,"Indian, Arabian, Beverages",3.8,30% off on all orders
99 Variety Dosa and Pav Bhaji,"South Indian, Snacks, Fast Food",N/A,30% off | Use TRYNEW
Burger It Up,"American, Continental, Desserts, Fast Food, Beverages, Snacks",N/A,30% off | Use TRYNEW
Krispy Kreme,"Desserts, Beverages",N/A,30% off on all orders
The Belgian Waffle Co.,"Desserts, Beverages",N/A,20% off | Use TRYNEW
Pop Pulao,Indian,N/A,50% off on all orders
AL- BEK,"Indian, Chinese",3.7,N/A
Momo's Corner,Chinese,N/A,25% off | Use TRYNEW
Goli Vada Pav No .1,"Maharashtrian, North Indian, Fast Food, Street Food",N/A,N/A
Barbeque Nation,"North Indian, Mughlai, Seafood, Biryani, Desserts, Kebabs",3.6,60% off | Use STEALDEAL
Amma's Pastries,"Bakery, Desserts",N/A,N/A
Amma's Pastries,"Bakery, Desserts",N/A,N/A
Istah - Shawarma and Biryani,"Biryani, Arabian, Lebanese",N/A,40% off | Use TRYNEW
Imperial Restaurant,"Tandoor, Biryani, Kerala, South Indian, North Indian, Fast Food, Chinese, Bevera...",N/A,N/A
Nandi chats bhandar,Indian,N/A,N/A
Punjabi Nukkad Pure Veg,"Punjabi, North Indian, Chinese, Desserts",N/A,30% off | Use TRYNEW
MAM - My Aunty Mane,"South Indian, North Eastern, Biryani, Coastal, Gujarati",N/A,20% off | Use TRYNEW
Chinese Wok (Wok Express),"Chinese, Asian",3.8,60% off | Use TRYNEW
Rampyari Chaiwala Netaji Bhajiawala,"Indian, Snacks",N/A,20% off | Use TRYNEW
Cakewala,Desserts,N/A,N/A
Nawab's Biryani,"Biryani, Hyderabadi, North Indian, Kebabs, Seafood, Desserts, Beverages",3.6,60% off | Use TRYNEW
Kailash Parbat,"Biryani, Desserts, Jain, North Indian",3.9,40% off | Use TRYNEW
Thottathil Restaurant,South Indian,N/A,N/A
Kadavu Shappu Curry's,"Kerala, Biryani, Chinese, North Indian",N/A,N/A
"Cupcake Noggins - Cakes,Pastries and Desserts","Desserts, British, Bakery, Pizzas, Snacks",N/A,N/A
Spice Of Biryani,"Andhra, Indian, Biryani, Lucknowi, Seafood, Tandoor, North Indian",3.7,50% off | Use TRYNEW
Nandhini Deluxe,"Andhra, Biryani, Indian",N/A,40% off | Use TRYNEW
Faasos,"Fast Food, Combo, Snacks",N/A,50% off | Use TRYNEW
Chaatimes,"Chaat, Beverages",N/A,25% off | Use TRYNEW
Taiki,"Pan-Asian, Japanese, Korean, Thai, Sushi, Beverages, Asian",N/A,50% off | Use TRYNEW
Ibaco,Desserts,N/A,N/A
Ultimate Punjabi,"Chinese, Tandoor, Desserts, Beverages, Indian, North Indian, Punjabi",N/A,30% off | Use JUMBO
Paradise Biryani,"Biryani, Kebabs",3.9,60% off | Use STEALDEAL
The Super Sandwich,"Pizzas, Chaat, Beverages, American",3.5,20% off | Use TRYNEW
"Just Bake Cake - Bakery, Desserts, Cakes & Confectioners","Bakery, Desserts, Snacks",N/A,N/A
Momoz,"Chinese, Thai, Seafood, Asian, Combo, Malaysian",N/A,60% off | Use TRYNEW
Adiga's,"South Indian, North Indian, Chinese, Thalis, Fast Food, Juices, Desserts",N/A,50% off | Use TRYNEW
Simpli Namdhari's,"Italian, Chinese, North Indian, European, Salads, Pizzas, Juices, Beverages, Bir...",N/A,30% off | Use TRYNEW
Mandi,"North Indian, Chaat, Sweets, Snacks, Fast Food, Desserts",N/A,60% off | Use STEALDEAL
EatFit,"Pizzas, Healthy Food, North Indian, Biryani, Thalis, Salads, Kebabs, Juices, Ice...",N/A,30% off | Use PARTY
Cake N Chef,"Bakery, Desserts",N/A,50% off | Use TRYNEW
Aligarh House,"Biryani, Mughlai, Kebabs, Indian, Juices, Desserts",N/A,50% off | Use TRYNEW
Laddoos,"North Indian, Chaat, Snacks, Sweets, Beverages",N/A,N/A
Sangam Sweets,"North Indian, Desserts, Fast Food",N/A,N/A
Asha Sweets Center,"Sweets, Snacks",N/A,N/A
New Shanthi Sagar,"North Indian, Chinese, Fast Food",N/A,30% off | Use TRYNEW
Goli Vada Pav No .1,"Maharashtrian, North Indian, Fast Food, Street Food",N/A,20% off | Use TRYNEW
Iyengars Bakery,"Bakery, Indian",N/A,N/A
calicut cafe restaurant,"Kerala, Beverages, Chinese, North Indian, Desserts",3.8,40% off on all orders
Taco Bell,Mexican,N/A,50% off | Use TRYNEW
Hotel Savitha Family Restaurant,"North Indian, South Indian, Biryani, Chinese, Indian, Tandoor, Combo, Beverages",N/A,40% off | Use TRYNEW
Samosa Party,"Chaat, North Indian, Fast Food, Street Food, Snacks, Sweets, Cafe, Desserts, Hom...",N/A,40% off | Use TRYNEW
Nagarjuna Chimney,"Seafood, Andhra, Biryani, South Indian, Combo, Desserts, Beverages",N/A,30% off | Use TRYNEW
Fabelle Chocolates - HSR,"Desserts, Sweets, Bakery",N/A,50% off | Use TRYNEW
Paakashala ,"Chinese, North Indian, South Indian",N/A,20% off | Use JUMBO
Gorbandh Sweets & Snacks,"North Indian, Rajasthani, Sweets, Chaat, Gujarati",N/A,40% off | Use TRYNEW
Sri ganesh sweets,Sweets,N/A,10% off | Use TRYNEW
FlyingKombucha,"American, Beverages, Healthy Food, Fast Food, Korean, Chinese, Japanese, Cafe",N/A,N/A
RNR Biryani - Taste of 1953,"Biryani, South Indian, Kebabs, Combo",N/A,40% off | Use TRYNEW
Crazy Bao,"Chinese, Pan-Asian, Asian, Snacks, Beverages",3.7,50% off | Use TRYNEW
Biryani Point,North Indian,N/A,50% off | Use SWIGGYIT
Davanagere Benne Dosa,South Indian,N/A,30% off | Use TRYNEW
Bhartiya Jalpan,"Fast Food, Indian, Beverages",N/A,N/A
Madeena Hotel,"Biryani, Mughlai, Indian, Beverages",N/A,25% off | Use TRYNEW
Bakingo,"Bakery, Desserts",N/A,40% off | Use TRYNEW
High Street,"Biryani, North Indian, Tandoor, Andhra, Chinese",N/A,30% off | Use TRYNEW
Muthashy's,"Chinese, South Indian, North Indian, Kerala, Seafood",N/A,20% off | Use TRYNEW
Park View Restaurant,"Chinese, South Indian, North Indian, Fast Food, Beverages",N/A,20% off | Use TRYNEW
Edesia by Freshmenu,"Desserts, Bakery, Sweets",N/A,60% off | Use DEAL60
Affordabowl,"Salads, Desserts, Italian",N/A,N/A
Pipabu,"Pizzas, Chinese, Pastas, Salads, American, Continental",N/A,N/A
MYK BOX,"Chinese, Oriental",N/A,N/A
Euphoria,Desserts,N/A,10% off | Use TRYNEW
Adithya Tiffin Centre,North Indian,N/A,N/A
AB s-Absolute Barbecues,"Barbecue, Biryani, Chinese, Grill, Mughlai, North Indian, Seafood",3.3,60% off | Use TRYNEW
ATH - All Things Healthy!,"Healthy Food, Indian, Bakery, Snacks, North Indian, Keto",N/A,N/A
Wats ur Scoop?,"Ice Cream, Desserts, Beverages",N/A,20% off | Use TRYNEW
Bathinda Tandoor,"North Indian, Chinese, Fast Food, Desserts",3.8,60% off | Use TRYNEW
Wafflee,Desserts,N/A,N/A
Jose Mess,Indian,N/A,15% off on orders above ₹99
Nando's,"Fast Food, Portuguese, African, Grill, Salads",N/A,60% off | Use STEALDEAL
ATH - All Things Healthy!,"Healthy Food, Indian, Bakery, Snacks, North Indian, Keto",N/A,N/A
IMPERIO JUICE & CAFE,"Beverages, Juices, Fast Food",3.3,50% off | Use TRYNEW
BigBites,"Street Food, Fast Food, Tex-Mex",N/A,30% off on all orders
Wandercrust,"Pizzas, Italian",N/A,40% off | Use TRYNEW
Sri Punjabi Dhaba,North Indian,3.5,55% off on all orders
Shravan Meals by Lunchbox,"North Indian, Desserts, Biryani",N/A,50% off | Use TRYNEW
Chatkara xpress,"Fast Food, Snacks",N/A,20% off | Use TRYNEW
Turkish Chicken Company,"Arabian, Turkish, Grill, Kebabs, American, Lebanese, Salads, Fast Food, Combo",N/A,30% off | Use TRYNEW
Deccan Biryani House,"Biryani, Hyderabadi, South Indian, Kerala, Coastal, Combo, Fast Food, Desserts, ...",N/A,20% off | Use TRYNEW
Plan B,American,N/A,N/A
Shree Saraswathi Sweets Centre,Sweets,N/A,N/A
SAMBAR PURAM,"Combo, Indian, Desserts",N/A,N/A
SBR DONNE BIRIYANI,"Andhra, Biryani, Chinese, North Indian",N/A,N/A
Eat O Clock,"Fast Food, Chaat, Snacks, Street Food, North Indian, South Indian",N/A,N/A
Ghar Ka Khana,Indian,N/A,N/A
Khan Saheb Grills and Rolls,"Tandoor, Mughlai, North Indian, Kebabs",N/A,15% off | Use TRYNEW
Waffle Head,"Beverages, Desserts",N/A,30% off | Use TRYNEW
AB s-Absolute Barbecues,"Barbecue, Biryani, Grill, North Indian, Seafood, Mughlai",3.5,60% off | Use TRYNEW
M JUICE JUNCTION,"Beverages, Juices",N/A,N/A
HINA,"South Indian, Chinese, Salads",N/A,N/A
Juice Shop,"Juices, Ice Cream, Desserts, Beverages",3.5,40% off on all orders
Waffle Head,"Beverages, Desserts",N/A,30% off | Use TRYNEW
AB s-Absolute Barbecues,"Barbecue, Biryani, Grill, North Indian, Seafood, Mughlai",3.5,60% off | Use TRYNEW
M JUICE JUNCTION,"Beverages, Juices",N/A,N/A
HINA,"South Indian, Chinese, Salads",N/A,N/A
Juice Shop,"Juices, Ice Cream, Desserts, Beverages",3.5,40% off on all orders
Dal Roti,"North Indian, Rajasthani, Chinese, Sweets, Punjabi, Home Food",N/A,50% off | Use TRYNEW
BurgerHaus Gourmet Burgers,"American, Continental, Fast Food, Beverages, Desserts",N/A,50% off | Use TRYNEW
Udupi Athithya,"South Indian, North Indian, Chinese, Snacks, Beverages, Chaat",N/A,N/A
The Kerala Central,"South Indian, Kerala, Coastal",N/A,10% off | Use JUMBO
Bismillah Hotel,Chinese,3.7,N/A
Sendhoor coffee,"Beverages, South Indian",N/A,N/A
Mani's Dum Biryani,"Andhra, Biryani",N/A,10% off | Use TRYNEW
Masala Box - Taste of India,"Home Food, Indian, North Indian, South Indian",N/A,50% off | Use TRYNEW
Dal Chawal Roti Sabji,"Thalis, Combo, North Indian",N/A,30% off | Use TRYNEW
Flavour of China,"Chinese, Seafood, Thai, Asian",N/A,30% off | Use TRYNEW
Just Shawarma,Fast Food,3.8,40% off | Use TRYNEW
Svadu Pure Ghee Sweets,"Desserts, Fast Food, Sweets, Chaat",N/A,N/A
Maven Kitchen,"Naga, Chinese",N/A,N/A
Saiko Sushi House,"Sushi, Japanese, Pan-Asian, Oriental",N/A,50% off | Use TRYNEW
Zaitoon,"Arabian, Biryani, North Indian, Tandoor, Chinese, Juices",N/A,40% off | Use TRYNEW
pasta de indifused,"Continental, Pastas",N/A,N/A
The Momo Co.,"Chinese, Asian, Fast Food",3.7,60% off | Use TRYNEW
Bombay Kulfis,"Ice Cream, Desserts, Sweets",N/A,60% off | Use STEALDEAL
Shaan-e-Punjab,"North Indian, Tandoor, Mughlai, Combo, Biryani, Snacks, Beverages",N/A,60% off | Use STEALDEAL
Asian Hawker,"Chinese, Pan-Asian, Desserts, Beverages",N/A,40% off | Use TRYNEW
Litti Twist,"North Indian, Fast Food",N/A,40% off | Use TRYNEW
Aalishan Restaurant & Caterer,"Mughlai, North Indian",N/A,N/A
Kerala Pavilion,"Kerala, Seafood",3.8,N/A
Pathaan Sir,Fast Food,3.9,30% off | Use TRYNEW
Cream Stone,"Ice Cream, Desserts, Beverages",3.5,25% off | Use JUMBO
HOTEL SAVITHA ABU HOTEL,"Indian, Chinese",N/A,N/A
OOGWAY BITES,"Chinese, Beverages, Desserts",3.8,50% off | Use TRYNEW
Buddha Bites,"Chinese, Juices, Beverages, Fast Food, Thai, Indian, Asian, Salads, Healthy Food...",3.6,N/A
The Juice Inc,"Healthy Food, Juices, Beverages",N/A,30% off on orders above ₹149
The Brooklyn Creamery - Low Cal Ice cream,"Desserts, Ice Cream, Healthy Food",N/A,40% off | Use TRYNEW
DONNE BIRIYANI HOUSE,"Biryani, South Indian",N/A,20% off | Use TRYNEW
Jen & Jo Ice Cream,Ice Cream,N/A,60% off | Use TRYNEW
Hustle,"Continental, Indian",N/A,N/A
ITC Sunfeast Baked Creations,"Bakery, Desserts",N/A,60% off | Use STEALDEAL
ITC Master Chef Creations,"North Indian, Mediterranean, Mughlai, Desserts",N/A,15% off | Use PARTY
"m-Aura Cafe, Kitchen & More","North Indian, Mughlai, Continental, Chinese, Desserts",3.9,40% off | Use TRYNEW
Breakfast Express,"Continental, North Indian, South Indian, American, Beverages, British, Cafe, Com...",N/A,50% off | Use TRYNEW
TEA TIME CAFE,"Beverages, Snacks",N/A,N/A
Deja Bowl,"North Indian, Home Food, Combo, Desserts, Indian, Punjabi, Chinese",N/A,20% off | Use TRYNEW
Kitchen of Joy,"Bengali, Fast Food, Chinese",N/A,N/A
TALLMANS CAFE,Indian,N/A,N/A
SRI SAPANA DHABA,"Indian, Chinese",3.6,N/A
SNACKS CORNER,"Snacks, North Indian, Beverages, Street Food, Fast Food",3.5,20% off | Use SWIGGYIT
Chaigram,"Indian, Fast Food",N/A,20% off | Use TRYNEW
Home Plate,"Home Food, North Indian, Healthy Food, Thalis, Desserts, Indian, Punjabi",N/A,40% off | Use SPECIALS
Kalpavriksha Upahara,"South Indian, North Indian, Chinese",N/A,N/A
Al Bawarchi Biryani,Biryani,N/A,20% off | Use SWIGGYIT
Broadway - The Gourmet Theatre,"Chinese, North Indian, Continental, Desserts, Beverages, Seafood, Pan-Asian, Vie...",N/A,N/A
Moti Mahal Delux,"Punjabi, North Indian, Indian, Mughlai, Chinese, Biryani",3.8,10% off | Use PARTY
Say Cheese! Pizza,"Pizzas, Italian, Desserts",N/A,40% off | Use TRYNEW
Chai Kahani,"Beverages, Snacks, Fast Food, Cafe",N/A,50% off on all orders
Ketogenic Foods - By Infinitea,"Continental, Desserts, Italian, Healthy Food",N/A,20% off | Use TRYNEW
Chinese Wok (Wok Express),"Chinese, Pan-Asian, Tibetan",N/A,60% off | Use TRYNEW
Bullet Biryani,"Biryani, Kebabs, Andhra",3.8,20% off on all orders
Chaipatty,"Fast Food, Beverages, Pizzas, Street Food, Snacks",3.7,50% off | Use TRYNEW
Taj Coastal Family Restaurant,"Seafood, Tandoor, South Indian, North Indian, Chinese",N/A,20% off on orders above ₹99
capella,"Bakery, Desserts, Continental",N/A,40% off | Use TRYNEW
Voosh Desi Parathas,"North Indian, Home Food, Snacks, Beverages",N/A,60% off | Use STEALDEAL
Dice N Dine,"American, Asian, Chinese, Continental, Desserts, Italian, Jain, Mexican",N/A,60% off | Use TRYNEW
NAMASTE KITCHEN,"Indian, Pizzas, Pastas, Beverages, Biryani, Thalis",N/A,N/A
Khichdi Kahani,North Indian,3.6,60% off | Use TRYNEW
MERHABA TURKISH CUISINE,"Salads, Beverages",N/A,30% off | Use TRYNEW
Paratha Experiment,"North Indian, South Indian",N/A,40% off | Use TRYNEW
Big Mouth Burger,Fast Food,N/A,N/A
Lassi  Shop,"Beverages, Snacks, Desserts, Salads, Fast Food, Juices, Ice Cream, Healthy Food",3.9,30% off | Use TRYNEW
Voosh Dakshin,"South Indian, Beverages, Snacks",3.9,60% off | Use STEALDEAL
Daniyal's,"Mughlai, North Indian, Bengali",3.9,60% off | Use STEALDEAL
Delhi Wala Paratha,North Indian,3.8,50% off on all orders
Goodness Grills,"Healthy Food, Continental, Keto, Indian, Salads",N/A,25% off | Use PARTY
Anushka Paratha House,"Punjabi, Fast Food, Snacks",N/A,N/A
Garage Food Company,"Chinese, Desserts, Biryani, Pan-Asian, Fast Food",N/A,20% off | Use TRYNEW
RJ 19 Cafe,North Indian,N/A,50% off | Use SWIGGYIT
Dadi Di Rasoi,North Indian,N/A,50% off | Use SWIGGYIT
Vegan Heat,"Healthy Food, Italian, South Indian, Desserts, Continental, Jain, American, Sala...",N/A,50% off | Use TRYHEALTHY
Hungry Habibi,"Arabian, Lebanese, Fast Food, Beverages, Desserts, Combo",N/A,60% off | Use TRYNEW
XO Belgian Waffle,Desserts,N/A,30% off | Use TRYNEW
Bajji's by Gourmet Kitchen,"North Indian, Indian",N/A,20% off | Use SWIGGYIT
BROWNIE BROTHERS BAKERY,Bakery,N/A,N/A
SHIFT,"Snacks, Indian, North Indian, Chinese, Seafood",N/A,N/A
Mamachang,Chinese,N/A,N/A
Tharavadu family restaurant,"North Indian, South Indian",N/A,60% off | Use STEALDEAL
FUKING CHINESE,"Chinese, Seafood, Thai, Asian, Beverages",N/A,30% off | Use TRYNEW
Rajasthani Dhaba,North Indian,N/A,50% off | Use TRYNEW
Hotel Tom's Restaurant,"Mangalorean, Biryani, Seafood, Chinese, North Indian, Desserts, South Indian, Co...",N/A,N/A
Smk cake house and sweets,"Bakery, Desserts",N/A,10% off | Use TRYNEW
Grubbly Bites,"Continental, Combo, Pastas",N/A,N/A
Tandoori Fusion,"Tandoor, Grill, Biryani, Chinese, North Indian, South Indian",N/A,20% off on orders above ₹99
Bowlsome,"North Indian, South Indian",N/A,40% off | Use TRYNEW
Meal In Bowl,"Asian, Indian, Mediterranean",N/A,30% off | Use TRYNEW
Biryani Khazana,"Biryani, Indian, North Indian",3.9,50% off on all orders
Thattukada,"Kerala, South Indian",3.8,N/A
Hot Samosa Point,Snacks,N/A,N/A
Polar Bear,Desserts,N/A,N/A
BAKE N FRESH FOOD COURT,Beverages,N/A,N/A
Dock Frost'd -Ice Cream & Milkshakes,"Desserts, Ice Cream, Beverages",N/A,40% off | Use TRYNEW
Paratha House,North Indian,N/A,50% off | Use SWIGGYIT
Salasar Balaji Restaurant,North Indian,N/A,50% off | Use SWIGGYIT
Portland Steak House,"American, European",N/A,N/A
Brownie Heaven,Desserts,N/A,30% off | Use TRYNEW
Chinese BAE,"Chinese, Thai, Seafood, Asian, Combo, Healthy Food, Beverages",N/A,60% off | Use STEALDEAL
Tasty Shawarma,"Seafood, Indian, South Indian, North Indian, Chinese",N/A,N/A
Voosh Thalis & Bowls,"North Indian, Home Food, Indian, Beverages",N/A,50% off | Use TRYNEW
MDP Coffee House,"South Indian, Beverages, Fast Food, Chinese",N/A,25% off on all orders
Friends Euro Restaurant ,"Chinese, Continental, Indian, Fast Food",N/A,N/A
Thali's Station,"Thalis, North Indian",N/A,60% off | Use TRYNEW
Baskin Robbins,Desserts,N/A,20% off | Use TRYNEW
1131 BAR+KITCHEN,Indian,N/A,N/A
Blue Tokai Coffee Roasters,"Healthy Food, Pastas, American, Lebanese, Mediterranean, European, Juices, Middl...",N/A,N/A
Food Nation,"Biryani, Chinese, Beverages",N/A,30% off | Use TRYNEW
CAFE 58,"Indian, Chinese, Snacks",N/A,N/A
Garden city hotel,"North Indian, Chinese, Tandoor, Biryani",N/A,20% off | Use TRYNEW
Salad Matters,"Indian, Thai, Middle Eastern",N/A,60% off | Use TRYNEW
THE MOONG ZONE,Indian,3.7,50% off | Use TRYNEW
Mad Max,"Punjabi, North Indian, Combo, Ice Cream, Beverages",N/A,N/A
Momo Time,Chinese,N/A,N/A
Tunday Kababi,"Mughlai, Lucknowi",N/A,20% off | Use TRYNEW
Go Go Wrapie,Snacks,N/A,N/A
I'm a Vegan,Healthy Food,N/A,N/A
Eat Healthy,"Continental, Healthy Food",N/A,N/A
Wats in the Wrap,"Snacks, Beverages",N/A,50% off | Use TRYNEW
Tibetan Mother's Kitchen,"Chinese, Tibetan, Thai",N/A,10% off | Use TRYNEW
Fairuza Biryani,"Biryani, Beverages",N/A,N/A
Ketoism,"Healthy Food, Snacks, Salads",N/A,N/A
Go Go Wrapie,Snacks,N/A,N/A
I'm a Vegan,Healthy Food,N/A,N/A
Eat Healthy,"Continental, Healthy Food",N/A,N/A
Wats in the Wrap,"Snacks, Beverages",N/A,50% off | Use TRYNEW
Fairuza Biryani,"Biryani, Beverages",N/A,N/A
Tibetan Mother's Kitchen,"Chinese, Tibetan, Thai",N/A,10% off | Use TRYNEW
Ketoism,"Healthy Food, Snacks, Salads",N/A,N/A
All Day Breakfast,"American, Continental, Healthy Food",N/A,N/A
Via Milano,"Italian, Pastas, Mediterranean, European, Pizzas, Continental, Seafood, Middle E...",N/A,50% off | Use TRYNEW
Vinaya Cafe,"North Indian, South Indian, Chinese",N/A,N/A
CREMEBORNE,"Desserts, Ice Cream",N/A,N/A
Terra Bites,"Continental, American, Italian, Mexican",N/A,N/A
RR Donne Biryani,Biryani,N/A,N/A
BOD - Burger on Demand,Snacks,N/A,N/A
LunchBox,"North Indian, Desserts, Biryani",N/A,25% off | Use PARTY
The Humble Pie,Desserts,N/A,N/A
The Betel Leaf Co.,"Paan, Desserts",N/A,N/A
The Golden Thali,"Thalis, North Indian",N/A,50% off on all orders
The Golden Bowl,"North Indian, Punjabi, Combo",3.8,50% off on all orders
Selena Food Center,"Indian, Chinese, Thalis, Combo",3.1,50% off | Use TRYNEW
Grameen Kulfi,"Ice Cream, Desserts",N/A,20% off | Use TRYNEW
Healthie,"Healthy Food, Keto, Thalis, Snacks, Salads, European, Italian, American, Mediter...",N/A,30% off | Use TRYNEW
Voosh Dakshin,"South Indian, Snacks, Beverages",N/A,60% off | Use STEALDEAL
Yum In My Tum,"Chinese, Continental, Beverages, Pizzas, Italian, North Indian, Fast Food, Pasta...",3.9,60% off | Use STEALDEAL
Charminar Biryani House,"Biryani, North Indian",N/A,30% off on all orders
Mamagoto,"Chinese, Asian, Pan-Asian, Thai, Oriental",N/A,60% off | Use STEALDEAL
Royale Rolls,"North Indian, Snacks, Indian",3.8,50% off on all orders
The Wraps & Sandwich Company,Street Food,N/A,N/A
The Bowl Company,"Continental, North Indian, Pan-Asian, Desserts, American, Asian, Beverages, Biry...",N/A,50% off | Use TRYNEW
Kaati Zone Rolls & Wraps,"Fast Food, Beverages, Bengali, Biryani, Indian, North Indian, Snacks, Street Foo...",N/A,60% off | Use STEALDEAL
Foodzu,"Beverages, Juices",N/A,15% off on all orders
THE FRITTER COMPANY,"Beverages, Fast Food",N/A,60% off | Use STEALDEAL
The Twenty Handmade Chocolates,Desserts,N/A,N/A
Pizza Binge,"Beverages, Italian, Pizzas",N/A,60% off | Use TRYNEW
SRI VENKATESHWARA HOT CHIPS,"Snacks, Beverages, Fast Food, Indian",N/A,N/A
Silbatti,North Indian,3.6,20% off | Use TRYNEW
LONDON DAIRY,"Ice Cream, Desserts",N/A,N/A
Rock Well Shakes,"Fast Food, Beverages",N/A,N/A
Kebarbiq - Grill your Hunger,"Indian, Arabian, Chinese, Pizzas, Barbecue, Continental, Beverages, Combo, Itali...",N/A,40% off | Use TRYNEW
Snack House,"Fast Food, Street Food",N/A,30% off on all orders
Rang De Basanti Dhaba,"North Indian, Kebabs, Biryani, Snacks, Combo, Punjabi, Desserts, Tandoor, Indian",N/A,40% off | Use TRYNEW
Dr Sheesha ,"Chinese, Continental, Indian",N/A,N/A
Upahara Darshini,"Chinese, South Indian, North Indian, Desserts, Fast Food",N/A,N/A
Wow! Momo,"Tibetan, Fast Food, Healthy Food, Asian, Chinese, Snacks, Continental, Desserts,...",3.9,50% off | Use TRYNEW
Tea Brew,"American, Italian, Beverages, Continental, Chinese, Pastas, Cafe, Pizzas, Fast F...",N/A,20% off | Use TRYNEW
Punjabi Unplugged,"North Indian, Chinese, Indian, Mughlai",3.8,60% off | Use STEALDEAL
Hunger Street,"Continental, Pastas",N/A,15% off on orders above ₹249
Donne Biryani Mandi,Biryani,N/A,N/A
Five Star Chicken,Fast Food,N/A,N/A
Udta Punjab Kitchen,"North Indian, Chinese",3.5,50% off on all orders
Sweet Rascal,"Bakery, Salads, Biryani, Combo",N/A,N/A
Bo & Jan - Deliciously Desi,"North Indian, Biryani, Combo, Mughlai",N/A,60% off | Use TRYNEW
Tenzin Kitchen,"Asian, Chinese, Pan-Asian, Tibetan",N/A,N/A
Punjabi Thrill,"Fast Food, Arabian, Beverages",3.9,60% off | Use STEALDEAL
Sweetfry.,"Fast Food, Snacks",N/A,N/A
Marwadi chaat & tiffin services,North Indian,3.7,50% off on all orders
All Saints Bakery,Bakery,N/A,N/A
sushila thali wali kitchen,North Indian,N/A,50% off on all orders
Globo Combo,"Chinese, North Indian, Combo",N/A,60% off | Use TRYNEW
Brown Burger Co.,"American, Fast Food, Beverages, Pizzas, Snacks, Juices, Desserts",N/A,40% off | Use TRYNEW
Freshii al natural,"Ice Cream, Juices, Snacks, Chinese",N/A,N/A
The Grub Hub,Fast Food,N/A,30% off | Use SWIGGYIT
Bistro Oui,Continental,N/A,30% off on orders above ₹259
PANDITS PAKKA VEG,"Indian, Chinese",N/A,N/A
Urban Food Culture,"North Indian, Bengali, Chinese, Biryani, Combo",N/A,20% off on orders above ₹199
Two Friends Cauldron,"Continental, Italian, American, Chinese",N/A,40% off | Use TRYNEW
Voosh Desi Parathas,"North Indian, Home Food, Indian, Beverages",N/A,60% off | Use STEALDEAL
Kouzina Kafe The Food Court,"Bakery, Desserts, Ice Cream, Fast Food, Beverages, American",N/A,20% off | Use TRYNEW
Kwality Walls Frozen Dessert and Ice Cream Shop,Ice Cream,N/A,20% off | Use PARTY
The Pizza Place,Pizzas,N/A,50% off | Use TRYNEW
Barista,"Beverages, Snacks, Desserts, Cafe",N/A,60% off | Use DEAL60
Kumarakom,"Kerala, South Indian",N/A,10% off | Use TRYNEW
Call Me Chow,"Chinese, Pan-Asian",N/A,40% off | Use TRYNEW
Heaven & Hell,"Desserts, Ice Cream, Sweets, Beverages",N/A,60% off | Use TRYNEW
Apsara Ice Creams,"Ice Cream, Desserts",N/A,60% off | Use STEALDEAL
Garam Matka,"Cafe, Bakery, Beverages",N/A,60% off | Use STEALDEAL
FUEL,"Juices, Healthy Food",N/A,30% off | Use TRYNEW
New Friend's,"North Indian, Chinese, Biryani, Continental, Italian, Seafood",N/A,N/A
Foodism.in,"Home Food, North Indian, Biryani, Thalis, Beverages, Chinese, Healthy Food, Indi...",3.4,40% off | Use TRYNEW
SHIVANSH JUICE AND SNACKS,Indian,N/A,N/A
Call Me Chow,"Chinese, Pan-Asian",N/A,40% off | Use TRYNEW
Heaven & Hell,"Desserts, Ice Cream, Sweets, Beverages",N/A,60% off | Use TRYNEW
Apsara Ice Creams,"Ice Cream, Desserts",N/A,60% off | Use STEALDEAL
Garam Matka,"Cafe, Bakery, Beverages",N/A,60% off | Use STEALDEAL
FUEL,"Juices, Healthy Food",N/A,30% off | Use TRYNEW
Foodism.in,"Home Food, North Indian, Biryani, Thalis, Beverages, Chinese, Healthy Food, Indi...",3.4,40% off | Use TRYNEW
New Friend's,"North Indian, Chinese, Biryani, Continental, Italian, Seafood",N/A,N/A
Frozen Monster,"Cafe, Desserts, Beverages",N/A,N/A
SHIVANSH JUICE AND SNACKS,Indian,N/A,N/A
Biryani Bowl,"Biryani, Indian, Beverages, Combo",N/A,30% off | Use TRYNEW
THE NORTH INDIAN FOOD KOURT,"Thalis, Biryani, Chinese, North Indian, Indian",N/A,N/A
Grow Fit,"Healthy Food, Keto, Indian, Biryani, Thai",N/A,60% off | Use TRYNEW
Shri Uphar,"South Indian, Chinese",N/A,N/A
Rolls & Bowls Company,"North Indian, Chinese, Fast Food",3.8,50% off | Use TRYNEW
Paandikadai-Chettinad kitchen by Salt,"Biryani, Combo, South Indian, Chettinad",N/A,50% off | Use TRYNEW
RK Fresh Food,"Continental, American, Desserts, Fast Food, Italian, Mexican, Beverages",3.5,N/A
Qube Cafe,"Continental, Italian, American, European, Italian-American, Keto",N/A,20% off | Use SWIGGYIT
In Wok,Chinese,N/A,N/A
XPRESS CHAI,Bakery,N/A,50% off | Use TRYNEW
Fanoos,"Biryani, Tandoor, Kebabs, Barbecue, Fast Food",N/A,15% off | Use TRYNEW
Gourmet Kitchen,Indian,N/A,30% off | Use TRYNEW
Juice Therapy,Beverages,N/A,30% off | Use TRYNEW
Theory Of Omelette,"Continental, European, Fast Food, Cafe",N/A,N/A
Craft of Biryani,"North Indian, Biryani, Kebabs, Beverages, Desserts",N/A,30% off | Use TRYNEW
The Downtown pizzeria,"Italian, Pizzas, Desserts, Salads",N/A,30% off | Use TRYNEW
NATURON CAKES,"Bakery, Indian, Sweets, Desserts",N/A,30% off | Use TRYNEW
URBAN FOODS,"Continental, Fast Food, Pastas, Snacks, Salads, Beverages, American",N/A,20% off on orders above ₹149
Tawa Dosa,South Indian,N/A,30% off | Use TRYNEW
Hotel Manu,"South Indian, Kerala, Chinese, North Indian",N/A,20% off | Use TRYNEW
Kaapi 41,"Pizzas, Beverages, Chaat, Snacks",N/A,N/A
Gelato Italiano,Desserts,N/A,N/A
Brooklyn Fried Chicken,"Biryani, Indian, Combo",N/A,N/A
The Dragon Box,Chinese,N/A,30% off | Use TRYNEW
Food Court By Kitchens@,"North Indian, Biryani, Chinese, Mughlai, Seafood, Snacks, Beverages, Ice Cream, ...",N/A,N/A
Big Biriyani Company,"Biryani, Mughlai",N/A,50% off | Use TRYNEW
The Desi Cafe,North Indian,N/A,50% off | Use TRYNEW
Keventers - Milkshakes & Ice Creams,"Beverages, Ice Cream, Desserts",N/A,50% off | Use TRYNEW
AMBUR HOT DUM BIRIYANI,"Biryani, Indian",N/A,N/A
Darjeeling Hot Momos,Fast Food,N/A,N/A
Chaayos Meri Wali Chai,"Bakery, Beverages, Chaat, Desserts, Fast Food, Home Food, Italian, Maharashtrian...",N/A,50% off | Use TRYNEW
Tiger Trail - Royal Orchid Hotel,"Mughlai, North Indian, Awadhi",N/A,N/A
JUST ROLL,"Indian, Fast Food",N/A,50% off | Use TRYNEW
Cafe Medley,"Desserts, American, Continental, Italian, Bakery, Beverages",N/A,N/A
Frosty Crumble,"Desserts, Beverages",N/A,20% off | Use TRYNEW
TEXAS BURGERS,"American, Desserts, Continental",N/A,40% off | Use TRYNEW
Quik Bites,"Desserts, Beverages, Ice Cream",N/A,N/A
My Cake Shop In,Bakery,N/A,N/A
Bansuri Sweets,Desserts,3.9,N/A
Roti Curry and Co,"Indian, North Indian, Home Food",3.8,50% off on all orders
The Pizza Bakery,"Italian, Pizzas, Pastas, Desserts",N/A,N/A
Khichdi Express,North Indian,N/A,20% off on all orders
Cafe Coffee Day,"Beverages, Snacks, Desserts",N/A,50% off | Use TRYNEW
The Veggie Thali,"Thalis, North Indian, Indian, Home Food",N/A,50% off on all orders
Veg Luv Bowl,"Indian, North Indian",N/A,50% off on all orders
Sahana's (Nati Style),"South Indian, Biryani, Chinese, Combo, Fast Food",N/A,40% off | Use TRYNEW
Crave by Leena,Bakery,N/A,N/A
The Dessert Zone,"Desserts, Bakery, Ice Cream, American, British, Combo, Snacks, Beverages",N/A,60% off | Use TRYNEW
Rana vada pav,"Juices, Fast Food",3.5,N/A
BIB - English Breakfast in the box,"American, Continental",3.8,30% off | Use TRYNEW
Sweet Truth,"Bakery, Desserts, Beverages",N/A,50% off | Use TRYNEW
Paratha Maharaj,"North Indian, Punjabi",N/A,50% off on all orders
Firangi Bake,"Italian, Mexican, Pastas",N/A,60% off | Use STEALDEAL
Cafe Reset,"Cafe, Indian, Desserts",N/A,N/A
D.K.C. - Delicious Khichdi Company,Indian,N/A,30% off | Use TRYNEW
Jimmy's Fried Chicken,"American, Continental, Snacks",N/A,30% off | Use TRYNEW
Lakeview Milkbar,"Desserts, Ice Cream, Bakery, Fast Food",N/A,30% off | Use TRYNEW
Pizza Crusto,Pizzas,N/A,60% off | Use TRYNEW
The Bier Library,"South Indian, North Indian, Continental, American, Desserts, Italian, Beverages",N/A,40% off | Use TRYNEW
Roots,"Indian, Tandoor, Chinese, Continental, Desserts",N/A,N/A
Chaska Bun,"Fast Food, Street Food, Cafe",N/A,N/A
Hungry bird,"Andhra, Biryani, Chinese, Indian",N/A,20% off | Use TRYNEW
Kalewa : Eat Desi Boost Immunity,"North Indian, Biryani, Desserts",N/A,30% off | Use TRYNEW
FreshMenu,"Chinese, Continental, Italian, Mediterranean, Thai, Lebanese, American, Asian, B...",N/A,60% off | Use DEAL60
MY KHANA,"North Indian, Indian, Desserts, Chinese, Fast Food, Combo, Thalis",N/A,50% off | Use TRYNEW
McDonald's Gourmet Burger Collection,"American, Continental, Fast Food, Desserts, Beverages",N/A,25% off | Use TRYNEW
Burgermeister,"American, Fast Food, Beverages",N/A,N/A
Biggies Burger,"Fast Food, American, Attractive Combos Available, Beverages, Combo, Snacks",N/A,30% off | Use TRYNEW
Kalingas,"North Indian, Oriya",N/A,N/A
China Twist,"Chinese, Thai, Beverages, Fast Food, Combo",N/A,30% off | Use TRYNEW
Trattoria By Toscano,"Italian, Pizzas, Pastas, Continental, Salads, Desserts, Beverages, Combo",N/A,50% off | Use TRYNEW
Punjabi Nawabi,"Chinese, North Indian, Punjabi",3.8,50% off | Use TRYNEW
The Thick Shake Factory,"Ice Cream, Beverages, Desserts",N/A,50% off | Use TRYNEW
MOTTEBOSS,Indian,N/A,30% off | Use TRYNEW
Foodpecker,"North Indian, Biryani, Combo, Beverages",N/A,50% off | Use SWIGGYIT
Hokart - Mahesha Fast food center,"Fast Food, Street Food, Snacks, South Indian",N/A,N/A
Sardarji Londonwaley,"Indian, North Indian, Punjabi, Chinese, Biryani",3.7,60% off | Use STEALDEAL
Chaat Paavlian,Fast Food,N/A,30% off | Use TRYNEW
LN KITCHEN'S,"Indian, Chinese, Biryani, Pizzas",N/A,50% off | Use TRYNEW
Kairali,Kerala,N/A,25% off | Use TRYNEW
FoodFit,"Chinese, American",N/A,N/A
Responsible Biryani,"Biryani, North Indian, Hyderabadi, Keto, Healthy Food, Kebabs, Desserts",N/A,20% off | Use TRYNEW
SEASAME KITCHEN,Chinese,N/A,30% off | Use TRYNEW
Captain Olive,"American, Fast Food, Beverages, Arabian",N/A,60% off | Use STEALDEAL
Shree Khana Khazana,"Indian, Rajasthani, North Indian, Punjabi, Beverages, Jain, Thalis, Combo",N/A,15% off | Use TRYNEW
Namma bangarapet Bhel house,Indian,N/A,10% off | Use TRYNEW
Bangalore Dessert Company,"Desserts, Bakery, Beverages, Ice Cream",3.8,N/A
ROTI SABJI.COM,"Rajasthani, North Indian",N/A,40% off | Use TRYNEW
Crumb Together,"Chinese, Indian, Continental, Italian, Mexican, North Indian, Pan-Asian, Seafood",N/A,20% off | Use TRYNEW
The Million Dollar Milk Shake,"Beverages, Ice Cream",N/A,10% off | Use PARTY
Kulcha Stories,"North Indian, Punjabi",N/A,30% off | Use SWIGGYIT
Cafe Spark,"Chaat, Juices, Snacks, Beverages",N/A,50% off | Use SWIGGYIT
Artinci - Indulge Guilt Free!,"Ice Cream, Healthy Food, Keto, Desserts, Snacks, Beverages, Bakery",N/A,50% off | Use TRYNEW
Healthy Beverages by Adigas,"Beverages, South Indian, Healthy Food",N/A,30% off | Use TRYNEW
MOMOment,"Asian, Chinese",N/A,N/A
Cake Party,"Indian, Bakery",N/A,20% off | Use SWIGGYIT
Elite Mess,"North Indian, South Indian, Fast Food",N/A,N/A
Coco barista,"North Indian, Chinese, Fast Food, Snacks",3.9,40% off | Use TRYNEW
Badmash Biryani,"Biryani, Tandoor, Desserts, Beverages, Lucknowi, Mughlai, Kebabs",N/A,10% off | Use PARTY
London Bubble Co,"Beverages, Snacks, Desserts",N/A,N/A
Raffaele's Ristorante Pizzeria,"Pizzas, Continental, Pastas, Fast Food, Beverages",N/A,10% off | Use PARTY
LiveAltlife,"Healthy Food, Salads, Juices",N/A,N/A
Chopstick,"Chinese, Thai, Seafood, Asian, Combo, Healthy Food, Beverages",N/A,60% off | Use TRYNEW
Boozy Bakes,"Bakery, Desserts, Ice Cream",N/A,20% off | Use TRYNEW
Heaven in a Jar,"Bakery, Desserts, Ice Cream",N/A,Free Delivery | Use FREEDEL
CHAAT KA CHASKA,"North Indian, Desserts, Beverages",N/A,20% off | Use TRYNEW
Smokey Tribe,"Naga, Continental, Seafood",3.9,N/A
Food Court By Kitchens@,"Biryani, Mughlai, Seafood, Kerala, Andhra, Chinese, North Indian, South Indian, ...",N/A,N/A
Just Burger Off,American,N/A,20% off | Use TRYNEW
Little Kolkata,"North Indian, Bengali, Chinese",N/A,25% off on orders above ₹250
T'ART,"Bakery, Desserts",N/A,60% off | Use STEALDEAL
Taste of malabar,Kerala,N/A,N/A
Pizza world,Pizzas,N/A,30% off | Use SWIGGYIT
Bhaijans Biryani,"Biryani, Kebabs, Combo",N/A,N/A
The Biryani Experiment,"Biryani, Mughlai",N/A,40% off | Use TRYNEW
Lord Of Wings,"Asian, Chinese, Indian",N/A,30% off | Use TRYNEW
What A Food,"North Indian, Chinese, Biryani",N/A,40% off | Use TRYNEW
Shahenshah Biryani,"Biryani, North Indian, Indian",N/A,50% off on all orders
Raghavendra Tiffin HSR,South Indian,N/A,N/A
Srinidhi Sagar,"South Indian, North Indian, Indian, Chinese, Beverages, Desserts",N/A,20% off | Use TRYNEW
Pappu Chaiwalla,"Continental, Fast Food, North Indian, Street Food",3.9,N/A
Grab A Snack,"Chinese, Indian",N/A,50% off | Use SWIGGYIT
The table,Desserts,N/A,40% off | Use TRYNEW
Biryani Royal,Indian,3.9,30% off | Use SWIGGYIT
Srinidhi Sagar Deluxe,"South Indian, North Indian, Indian, Chinese, Beverages, Desserts",N/A,20% off | Use TRYNEW
Paratha Expert,"Indian, Desserts, Beverages",N/A,N/A
Ambur star dum biriyani,Biryani,3.8,N/A
Puran Da Dhaba - Pride Hotel,"North Indian, Chinese, Continental",3.9,N/A
THE PAROTTA COMBO,Indian,N/A,30% off | Use TRYNEW
Bismillah Hotel,Indian,N/A,N/A
Smiti snacks,Snacks,N/A,N/A
Le Gourmet Sandwich,"Continental, American, French",N/A,10% off on all orders
MANASA FAMILY RESTAURANT,"Biryani, Indian, Desserts, Beverages",N/A,20% off | Use TRYNEW
Das ka Ghar,"Bengali, Biryani, North Indian, Sweets",N/A,10% off | Use TRYNEW
Frozen Bottle,"Beverages, Ice Cream, Desserts",N/A,60% off | Use STEALDEAL
Wicked Brownies,"Bakery, Beverages, Desserts, Ice Cream, Sweets",N/A,20% off | Use TRYNEW
Mr. king shawarma,Fast Food,N/A,25% off | Use SWIGGYIT
MOMOment,"Tibetan, Chinese",N/A,30% off | Use TRYNEW
Cake Box,"Desserts, Bakery",N/A,35% off on orders above ₹450
Juice Junction,"Juices, Fast Food",N/A,10% off | Use PARTY
Eat n Drink,"Indian, Italian, Chinese",N/A,N/A
Talented Kadai,"North Indian, Combo, Indian, Fast Food, Beverages, Desserts",N/A,10% off | Use PARTY
The Good Wich Project,Snacks,N/A,N/A
Shake Break,"Beverages, Ice Cream, Desserts, Sweets, Bakery",N/A,20% off | Use TRYNEW
URU Brewpark,"Continental, North Indian, Pizzas, Tandoor",N/A,20% off | Use TRYNEW
Foodeo - Burger Panda,"Fast Food, Snacks",N/A,50% off | Use TRYNEW
 Maggi Hut,"Fast Food, North Indian",N/A,25% off | Use TRYNEW
Bonjabi Foods,"North Indian, Punjabi, Bengali",N/A,60% off | Use TRYNEW
Burritos & Bowls Mexican Kitchen,"Mexican, Salads",N/A,N/A
ROLLING OVEN,Bakery,N/A,N/A
Ashok Vattika,"North Indian, Chinese, Tandoor, Beverages, Desserts",3.6,N/A
Roti-Wala,"North Indian, Home Food, Thalis",N/A,20% off | Use TRYNEW
BELLY CRAVINGS,"North Indian, Fast Food, Beverages, Grill",N/A,20% off | Use SWIGGYIT
SECRETSPOT CAFE,"Pizzas, Continental, Beverages, Snacks",N/A,N/A
Sri Udupi Food Hub,"South Indian, North Indian, Indian, Desserts, Fast Food, Beverages",N/A,40% off | Use TRYNEW
Slurpy Shakes,"Desserts, Beverages, Ice Cream",N/A,50% off | Use TRYNEW
Brunch Hub,"Snacks, Fast Food",N/A,15% off | Use JUMBO
The Good Bowl,"North Indian, Biryani, Chinese, Asian, Pastas, Desserts",N/A,40% off | Use TRYNEW
sonar bangla,"Bengali, North Indian",N/A,60% off | Use TRYNEW
BENGALI KHABAR,Bengali,N/A,N/A
The Coorg Food Co.,South Indian,N/A,20% off | Use TRYNEW
Sri Vishnu Park,"Indian, South Indian",N/A,N/A
The Coffee Affair,Indian,N/A,N/A
The Naati Bar And Kitchen,Indian,N/A,30% off | Use TRYNEW
La Pino'z Pizza,Italian,N/A,50% off | Use TRYNEW
Vyanjan,North Indian,N/A,N/A
Cafe Terra,Continental,N/A,20% off | Use JUMBO
ReFresh Juice Junction,"Fast Food, Street Food",N/A,N/A
Eat Khichdi,North Indian,N/A,N/A
Kaveri Foods Andhrastyle,"Andhra, Biryani, Chinese, North Indian, Hyderabadi, Mughlai, Tandoor, Punjabi, S...",N/A,50% off | Use TRYNEW
Chianti,Italian,N/A,N/A
Bistro Claytopia,"Continental, American, Desserts, Italian, Beverages, Seafood, Pan-Asian",N/A,30% off on all orders
Sardarji Parathawala,"North Indian, Thalis, Home Food, Healthy Food, Punjabi, Desserts, Combo, Beverag...",N/A,20% off on all orders
Great Indian Khichdi,"Indian, Home Food, Healthy Food, Snacks",N/A,50% off | Use TRYNEW
Smoodies,"Healthy Food, Snacks, Juices, Beverages",N/A,60% off | Use STEALDEAL
Lot Like Crepes,"Desserts, Continental, Cafe, Fast Food",N/A,N/A
SIP N BITE,"Fast Food, Chinese",N/A,N/A
The Shake Company,"Healthy Food, American, Desserts, Beverages",N/A,60% off | Use STEALDEAL
Mad Over Donuts,Desserts,N/A,30% off | Use TRYNEW
Lassi Cafe,"North Indian, Desserts, Fast Food, Beverages",N/A,20% off | Use TRYNEW
Kolkata Rolls & Fast Food,Fast Food,3.8,20% off | Use TRYNEW
Sundae Everyday Ice Creams,"Desserts, Ice Cream",N/A,10% off | Use TRYNEW
No Sugar Please,"Beverages, Keto, Fast Food, Chaat, Desserts, Salads",N/A,N/A
FOOD ART CAFE,"Indian, Chinese, Snacks",N/A,50% off | Use SWIGGYIT
Yumlane Pizza,"Pizzas, Desserts, Beverages, Snacks, Fast Food",3.9,60% off | Use STEALDEAL
Raw food & juice junction,Indian,N/A,N/A
Malabar Bay,"Kerala, Seafood, South Indian, Biryani, Chinese, Desserts, Beverages",N/A,N/A
Pizza 997 AD,"Pizzas, Desserts, Beverages, Snacks, Fast Food",N/A,40% off | Use TRYNEW
Hokart - Soori Chaats,"Chaat, Snacks",N/A,N/A
The Circle Dream,"Pizzas, Italian, Pastas, Desserts, Beverages, Continental, Indian, Mediterranean",N/A,30% off | Use TRYNEW
Ghar Ka Tadka,"North Indian, Home Food, South Indian",N/A,60% off | Use TRYNEW
The Daily Bowl,"North Indian, Indian",N/A,50% off on all orders
The Empire Juice Shop,"Juices, Ice Cream",3.2,50% off | Use TRYNEW
BaHa Smoothie,"Healthy Food, Juices, Beverages, Snacks, Desserts",N/A,50% off | Use TRYNEW
Cold Stone Creamery,"Ice Cream, Desserts, Beverages",N/A,60% off | Use STEALDEAL
Babai Tiffins,"South Indian, Juices",N/A,N/A
Gourmet Ice Cream Cakes by Baskin Robbins,"Desserts, Ice Cream, Bakery",N/A,20% off | Use TRYNEW
Grill Daddy,"Grill, American, Pizzas, Continental, Fast Food",N/A,30% off | Use SWIGGYIT
Burger Yard,"American, Beverages, Fast Food, Cafe",N/A,N/A
Hokart - Soori Chaats,"Chaat, Snacks",N/A,N/A
The Circle Dream,"Pizzas, Italian, Pastas, Desserts, Beverages, Continental, Indian, Mediterranean",N/A,30% off | Use TRYNEW
Ghar Ka Tadka,"North Indian, Home Food, South Indian",N/A,60% off | Use TRYNEW
The Daily Bowl,"North Indian, Indian",N/A,50% off on all orders
The Empire Juice Shop,"Juices, Ice Cream",3.2,50% off | Use TRYNEW
BaHa Smoothie,"Healthy Food, Juices, Beverages, Snacks, Desserts",N/A,50% off | Use TRYNEW
Cold Stone Creamery,"Ice Cream, Desserts, Beverages",N/A,60% off | Use STEALDEAL
Babai Tiffins,"South Indian, Juices",N/A,N/A
Gourmet Ice Cream Cakes by Baskin Robbins,"Desserts, Ice Cream, Bakery",N/A,20% off | Use TRYNEW
Grill Daddy,"Grill, American, Pizzas, Continental, Fast Food",N/A,30% off | Use SWIGGYIT
Burger Yard,"American, Beverages, Fast Food, Cafe",N/A,N/A
JUMBO SANDWICH,"Continental, Beverages",N/A,N/A
 Icy Spicy,"Fast Food, Street Food",N/A,25% off | Use UNLIMITED
The Local-Terrace Drinkery,"American, Indian",N/A,N/A
Fresh Pressery Cafe,"Pizzas, Desserts, Salads, Pastas, Beverages",N/A,20% off | Use TRYNEW
Os'yummly,"Indian, Beverages",N/A,N/A
Ovenstory Pizza,"Pizzas, Italian",3.8,50% off | Use TRYNEW
Bhaijans Biryani,"Biryani, Kebabs",N/A,60% off | Use TRYNEW
ICE CORNER,"Desserts, Beverages, Ice Cream, Juices",3.1,40% off on all orders
Jeni's Kitchen,"North Indian, Chinese",N/A,40% off | Use TRYNEW
McCafe by McDonald's,"Beverages, Desserts",N/A,N/A
Freshery,"Healthy Food, Juices, Beverages, Combo, Salads, Snacks",N/A,60% off | Use STEALDEAL
MEAL MASTER,"Pizzas, Italian, Continental, Beverages",N/A,N/A
Beijing Bites,"Chinese, Thai",N/A,60% off | Use STEALDEAL
Rajasthani Tadka Wala,"Thalis, Combo, North Indian, Snacks",N/A,50% off on all orders
Chinese Trail,"Chinese, Thai, Seafood, Asian, Combo, Healthy Food, Beverages",N/A,30% off | Use TRYNEW
punjab time,North Indian,N/A,50% off on all orders
Garden Fresh,"Beverages, Healthy Food, Juices, Salads",N/A,20% off | Use TRYNEW
World Wide Breakfast,"Fast Food, Combo",N/A,30% off on orders above ₹199
SLAY Coffee Bar,"Beverages, Desserts",N/A,40% off | Use TRYNEW
The Sugar Free Keto Kafe - By Artinci,"Ice Cream, Healthy Food, Keto, Desserts, Snacks, Beverages, Bakery",N/A,50% off | Use TRYNEW
Mr Sugarcane Juice,"Beverages, Ice Cream",N/A,N/A
Wah Parantha,Indian,N/A,25% off | Use SWIGGYIT
Mr. Chef,"Indian, Chinese",N/A,N/A
Madurai Idly Shop,South Indian,N/A,20% off | Use TRYNEW
Chinese Bistro,"Chinese, Biryani",N/A,40% off | Use TRYNEW
GULSHAN KA DHABA,Indian,N/A,50% off on all orders
marwadi Tadka wala,"Thalis, Combo, North Indian, Snacks",N/A,50% off on all orders
Just Sandwich,Continental,N/A,N/A
ARAKU Coffee,"Cafe, Beverages, Bakery, Continental, Desserts, Healthy Food, European",N/A,N/A
89 Express Dhaba,"North Indian, Rajasthani, Chinese",3.1,50% off on all orders
Nasi and Mee,"Pan-Asian, Singaporean, Malaysian, Japanese, Asian, Chinese, Indonesian",N/A,N/A
S M SHAWARMA HUT,Lebanese,N/A,N/A
Green Gobbles,"Healthy Food, North Indian, Oriental, Keto, Home Food, Indian",N/A,40% off | Use TRYHEALTHY
Pakoda Singh,Snacks,3.1,50% off on all orders
New Kabab Plaza,"North Indian, Fast Food",N/A,N/A
Bindu Garden Family Restaurant,"Chinese, North Indian",N/A,N/A
BIRYANI CIRCLE,"Biryani, North Indian, Tandoor",N/A,60% off | Use TRYNEW
MENU PUNJABI,North Indian,N/A,N/A
NADAN CHAYAKKADA,"Indian, South Indian, Beverages",N/A,N/A
Flying Kombucha,"American, Beverages, Cafe, Fast Food, Korean, Japanese",N/A,N/A
Mamata Biryani House,"Beverages, Chinese, Pan-Asian, Indian, Mughlai",N/A,N/A
GHAR WALA KHANA,Indian,N/A,50% off on all orders
Sri Krishna Nanda Gokula Veg,"South Indian, Chinese",N/A,10% off | Use TRYNEW
Veettile Ruchi,"Kerala, Chinese, Biryani",3.8,10% off | Use TRYNEW
32 Degree Fahrenheit,Beverages,N/A,N/A
ICE STONE ICE CREAM,"Ice Cream, Beverages, Desserts, Juices",N/A,30% off on orders above ₹199
Natural Sugarcane Juice,"Beverages, Juices, Ice Cream",N/A,N/A
Mr Tea,"Snacks, Indian",N/A,N/A
CHETTINAD FOOD HOUSE,Indian,N/A,N/A
Tree of life chocolates,Desserts,N/A,N/A
CANE HUT,"Juices, Ice Cream, Beverages, Chinese, Fast Food",N/A,N/A
Say Cheese Cake,"Desserts, Beverages, Bakery",N/A,30% off | Use TRYNEW
Chicking,"Fast Food, Pizzas, American, Mexican, Beverages",3.9,60% off | Use TRYNEW
Marwadi Chaat & Tiffin Services Shanti nagar,North Indian,N/A,40% off | Use TRYNEW
Hokart - Kolkata Kati king Rolls And Momos,"Fast Food, Street Food, Snacks",N/A,N/A
The Salad Studio,"Healthy Food, Salads, Cafe, Fast Food, Beverages",N/A,30% off | Use TRYNEW
Kedia's Funfood,Street Food,N/A,N/A
BOX8 - Desi Meals,"North Indian, Biryani, Fast Food, Combo, Snacks",N/A,60% off | Use STEALDEAL
Polo Peppinos,Fast Food,N/A,30% off on all orders
Koramangala Social,"Indian, Chinese, South Indian, American, Fast Food, Kebabs, Mughlai, Biryani, Co...",N/A,60% off | Use DEAL60
Italian Creamery,"Ice Cream, Desserts, Beverages",N/A,20% off | Use TRYNEW
Galli Belly,Snacks,N/A,N/A
Uppu Khara,"South Indian, Indian, Chinese, North Indian",N/A,30% off | Use TRYNEW
Ministry of Ice Creams,"Ice Cream, Desserts, Beverages",N/A,20% off | Use TRYNEW
Bombay Kulfi,Ice Cream,N/A,N/A
HUNGER BITES,"Beverages, Chinese, Snacks",N/A,20% off | Use TRYNEW
Chai Corner,"Beverages, North Indian, Snacks",3.9,20% off | Use SWIGGYIT
Delicacy,"Chinese, Thai",N/A,30% off | Use TRYNEW
Casa Fresco,"American, Italian, Continental, Pastas, Steakhouse, Pizzas, Healthy Food, Bevera...",N/A,20% off | Use TRYNEW
Tarbouch Rolls and Grills,"Arabian, Turkish, Combo, Mediterranean, Street Food",N/A,40% off | Use TRYNEW
WarmOven Cake & Desserts,"Bakery, Desserts, Ice Cream",N/A,60% off | Use STEALDEAL
Southern Soul Restaurant,South Indian,N/A,20% off | Use TRYNEW
Happy Eats,"North Indian, Chinese, Home Food, Rajasthani",N/A,25% off | Use SWIGGYIT
Third Wave Coffee Roasters,"Beverages, Pizzas",N/A,40% off | Use TRYNEW
Biryani Crafts,"Biryani, North Indian, Chinese, Tandoor, Indian",N/A,30% off on all orders
Brik Oven,"Italian, Fast Food, Pizzas, Desserts",N/A,N/A
Mithai Wale,"Sweets, Snacks",3.8,60% off | Use TRYNEW
Skoosh Bubble Tea,Beverages,N/A,30% off | Use TRYNEW
Thyme & Whisk,"Chinese, North Indian, Continental, American, Desserts, Italian, Beverages, Pan-...",N/A,N/A
Qwik Bites,"Fast Food, Snacks, Beverages",N/A,10% off | Use TRYNEW
Davanagere Benne Dose (HSR),South Indian,N/A,20% off | Use TRYNEW
Street Kitchen By Mandi Pure Veg,"Snacks, Chaat, Street Food, Fast Food, Chinese",N/A,N/A
Sugo,"Italian, Pastas, Pizzas, Desserts",N/A,60% off | Use STEALDEAL
Copper Chimney,"North Indian, Indian, Biryani, Punjabi, Kebabs, Grill, Mughlai, Desserts",N/A,N/A
Lavender Bakery by Fresh Pressery,"Bakery, Desserts",N/A,20% off | Use TRYNEW
Juno,"Snacks, Indian",N/A,15% off on orders above ₹400
HALA LEBENESE CUISINE,"Lebanese, Arabian, Middle Eastern",N/A,30% off | Use TRYNEW
XOOX Brewmill,"North Indian, Chinese, Pizzas, Continental, Desserts",N/A,15% off | Use UNLIMITED
Nizza Pizza,"Pizzas, Italian, Continental, Beverages",N/A,Free Delivery | Use FREEDEL
UR Military Hotel,Biryani,N/A,N/A
R K FOODS,"Biryani, Chinese, Kebabs, Hyderabadi",N/A,N/A
Bengali Fun Foods,North Indian,N/A,20% off on orders above ₹250
Maiyas restaurants,"South Indian, Fast Food, Snacks, Sweets, Chaat, Indian, Desserts",N/A,20% off | Use TRYNEW
MH10 MAHARASHTRIAN CUISINE,"Indian, Thalis, Seafood",N/A,N/A
Kachori Kafe,"North Indian, Rajasthani",3.4,N/A
Wok & Talk,Chinese,N/A,N/A
Kathi Rolls Co.,"Fast Food, Beverages, Desserts",N/A,30% off | Use TRYNEW
Biryani Sagar,"Biryani, Indian, Chinese, Tandoor",N/A,N/A
Salt Mango Tree,"Kerala, Biryani, Seafood, Beverages",3.0,25% off | Use TRYNEW
Chapati Factory,"Chinese, South Indian, Indian",3.6,20% off | Use TRYNEW
RS Donne Biryani & Nati Foods,"Biryani, Chettinad",N/A,20% off | Use TRYNEW
Sidras Chocolates,Bakery,N/A,N/A
Crazy Pizza,"Fast Food, Italian",N/A,N/A
Brothers Burger,"American, Fast Food, Snacks",3.8,50% off | Use TRYNEW
Poha House,"Indian, Fast Food, Snacks",N/A,20% off | Use TRYNEW
Paris Panini - French Street Food,"French, Street Food",N/A,N/A
Harilal Ka Bihari Dhaba,"North Indian, Chinese",N/A,N/A
The Momo Co.,"Chinese, Asian, Fast Food",3.7,60% off | Use TRYNEW
Wok Street,"Street Food, Chaat",N/A,N/A
SOUL OF KERALA,Kerala,N/A,N/A
Wat a Bowl,"Indian, Chinese, Thalis, Combo",N/A,30% off | Use TRYNEW
Punjabi Swag,"Punjabi, North Indian, Chinese, Fast Food, Mughlai, Desserts",N/A,50% off | Use TRYNEW
Mithai Vatika,"Chaat, Fast Food, Sweets",3.5,N/A
Eggo,"Street Food, Chaat",N/A,N/A
Holy Smoke,"Arabian, Mughlai, Chinese, Biryani",N/A,20% off | Use TRYNEW
Pesto,"Street Food, Chaat",N/A,N/A
Salt - Indian Restaurant Bar & Grill,"North Indian, Biryani, Thalis, Desserts",N/A,50% off | Use TRYNEW
SL Vadapav,Fast Food,3.7,30% off | Use TRYNEW
Hearty Treats,"Healthy Food, Desserts, Keto",N/A,30% off on orders above ₹199
RUCHI VIRUNDU,"Biryani, South Indian",N/A,N/A
Toping Twist,"Chinese, Continental, Fast Food, Tibetan",N/A,N/A
New Shanti Upahar,South Indian,N/A,N/A
Biryani Trip,"Biryani, Hyderabadi, Indian",N/A,25% off on all orders
Eat at kannur,"Chinese, Indian",3.4,50% off on all orders
Ancient CHINESE HOUSE,Chinese,N/A,40% off | Use TRYNEW
Transformative Nutrition,"Healthy Food, Salads",N/A,N/A
Paratha Envy,North Indian,N/A,30% off on all orders
Sri Vasavi Chats,Indian,N/A,N/A
TRUE KITCHEN,"Asian, Pizzas, Pastas, Salads, Beverages",N/A,60% off | Use TRYNEW
WOWFFLES,"Desserts, Bakery",N/A,50% off | Use TRYNEW
Prowl Foods By Tiger Shroff,Beverages,N/A,25% off | Use JUMBO
The Pastry House,Bakery,N/A,50% off | Use TRYNEW
Jimmy's Fried Chicken,"American, Continental, Snacks",N/A,30% off | Use TRYNEW
Chandni Chowk,Chaat,N/A,30% off | Use TRYNEW
TOO MUCH CHUTNEY,South Indian,N/A,30% off | Use TRYNEW
SAMAIKYA,"Indian, Biryani, Desserts",N/A,40% off on all orders
Dosa Chicken & Tiffins,"South Indian, Fast Food, Andhra",N/A,20% off | Use TRYNEW
BIGGUY'S WINGERY,Fast Food,N/A,N/A
BOSS Burger,"American, Continental, Fast Food, Combo",N/A,60% off | Use DEAL60
BROTHER BARLEY BREWING COMPANY,"Indian, Continental, American, Pizzas, Mediterranean, Italian",N/A,20% off | Use SWIGGYIT
Mishmash,"Andhra, Biryani",N/A,30% off on all orders
Gyms Kitchen,Grill,N/A,N/A
RJ 14 Kitchen,"Fast Food, North Indian",N/A,50% off on all orders
Kingsmen Coffee,"French, Continental, Desserts, Bakery, Beverages, Snacks",N/A,30% off | Use TRYNEW
Barbeque Nation,"North Indian, Mughlai, Seafood, Biryani, Desserts, Kebabs",3.6,60% off | Use STEALDEAL
Sri Srinivas Pork Hotel,"South Indian, Chinese, Snacks",3.1,10% off | Use TRYNEW
NAATI STYLE BIRIYANI GRAND  FAMILY RESTAURANT,"Biryani, Chinese, Kebabs, North Indian",3.9,40% off | Use TRYNEW
CM CAFE,"Beverages, Juices, Ice Cream",N/A,10% off on all orders
NATURAL MUMBAI KULFI,"Desserts, Ice Cream, Beverages",N/A,30% off | Use SWIGGYIT
Chef On Wheels,Indian,N/A,20% off | Use TRYNEW
Five star chicken Domlur,Fast Food,3.3,N/A
KUNAFECI,Indian,N/A,20% off | Use SWIGGYIT
ROLLING DOUGH CAFE,"Italian, Seafood, Desserts, Continental, Salads, Pizzas, Pastas, Beverages",N/A,30% off | Use TRYNEW
SMOOR BAKESHOP,Beverages,N/A,60% off | Use TRYNEW
NORTH EATS,North Indian,N/A,20% off | Use TRYNEW
Indus Spice House [ish],North Indian,N/A,N/A
Manhatten Burgers,Continental,3.9,60% off | Use TRYNEW
Kozhikodans,Indian,N/A,N/A
MAEDAH,"Arabian, Tandoor, Chinese",3.6,50% off | Use SWIGGYIT
Glen's Bakehouse,"Continental, Italian",N/A,N/A
IDC kitchen,"South Indian, North Indian",N/A,N/A
Donne Biryani,"Biryani, Combo, Andhra, South Indian, Desserts, Biryani - Shivaji Military Hotel...",3.9,20% off | Use TRYNEW
Savoury Restaurant,"Arabian, Middle Eastern, North Indian, Grill, Seafood, Kerala, Chinese",N/A,20% off | Use TRYNEW
The Grey House Cafe,Indian,N/A,N/A
Toque -  Healthy Smoothies,"Healthy Food, Salads, Juices, Beverages, Desserts, Keto",N/A,20% off | Use TRYNEW
Pizza Crusto,Pizzas,N/A,60% off | Use TRYNEW
HOT GRiDDLE,Fast Food,N/A,N/A
The Rendezvous,"Continental, Italian, Indian, Chinese",N/A,N/A
Temperature,"Fast Food, Desserts, Chaat, Juices, Beverages, Snacks",N/A,40% off | Use TRYNEW
Susie's Burgers,"American, Fast Food",N/A,50% off | Use TRYNEW
IceBreakers Ice Cream,"Ice Cream, Desserts, Beverages, Snacks",3.6,20% off | Use TRYNEW
Paddu Corner,South Indian,N/A,30% off | Use PARTY
Hilton Bangalore EGL,"Asian, North Indian, Biryani, Combo, Desserts",N/A,50% off | Use TRYNEW
Curry On Tikka,"North Indian, Punjabi, Mughlai, Thalis, Tandoor, Biryani, Beverages",N/A,60% off | Use STEALDEAL
The Bier Library,"South Indian, North Indian, Continental, American, Desserts, Italian, Beverages",N/A,40% off | Use TRYNEW
McDonald's Gourmet Burger Collection,"American, Continental, Fast Food, Desserts, Beverages",N/A,25% off | Use TRYNEW
CANE HUT,"Juices, Ice Cream, Fast Food",N/A,N/A
Enne Nimdu Oota Namdu,"Beverages, Chinese, Pastas, Pizzas, North Indian",N/A,N/A
Roots,"Indian, Tandoor, Chinese, Continental, Desserts",N/A,N/A
CLOUD KITCHEN CHINNI CON COOK,"Continental, Indian, Chinese, Beverages",N/A,N/A
Chaska Bun,"Fast Food, Street Food, Cafe",N/A,N/A
Paan Culture,"Indian, Paan",N/A,N/A
Hungry bird,"Andhra, Biryani, Chinese, Indian",N/A,20% off | Use TRYNEW
Juice Truk,Juices,N/A,15% off | Use SWIGGYIT
Aaliyar Ambur Dum Biryani,Indian,N/A,N/A
Sri Guru dev Darshini,"South Indian, North Indian",N/A,N/A
Breakfast and More,"Chinese, Continental, Italian, Mediterranean, Thai, Lebanese, American, Asian, B...",N/A,N/A
Just Cakes,Bakery,N/A,20% off | Use SWIGGYIT
Taste of Bhubaneswar,"Indian, Snacks",N/A,N/A
Nanav Stores and Cafe,"Beverages, Fast Food",N/A,N/A
Kullad Cafe,"North Indian, Fast Food, Beverages",N/A,30% off | Use TRYNEW
The Zen Garden,"Chinese, Thai",N/A,50% off | Use TRYNEW
Bangalore Biryani House,"Biryani, Fast Food, Indian",N/A,50% off | Use TRYNEW
Kalewa : Eat Desi Boost Immunity,"North Indian, Biryani, Desserts",N/A,30% off | Use TRYNEW
FreshMenu,"Chinese, Continental, Italian, Mediterranean, Thai, Lebanese, American, Asian, B...",N/A,60% off | Use DEAL60
Biryani by Kilo,"Biryani, Hyderabadi, Lucknowi, Kebabs, Mughlai, North Indian",N/A,50% off | Use TRYNEW
HOUSE OF COMMONS,Indian,N/A,N/A
PVR Cafe,"Fast Food, American, Pizzas",N/A,50% off | Use TRYNEW
 OliveU.Fit - Salads & More,"Healthy Food, Salads, Beverages, Juices, Indian",N/A,N/A
Brownie Points - Gourmet Brownies,Desserts,N/A,30% off | Use TRYNEW
Hao Chi,"Chinese, Thai, Pan-Asian, Asian, Desserts",N/A,60% off | Use STEALDEAL
Cafe Here & Now,"Continental, American, Fast Food",N/A,N/A
Hokart - Special Hot Momos,"Asian, Chinese, Fast Food, Snacks, Street Food, Tibetan",N/A,10% off | Use TRYNEW
Thali 99,"Thalis, North Indian, Indian, Home Food",3.9,50% off on all orders
Earthen Delights,Kerala,N/A,N/A
Mix N Match,"Continental, Indian, Oriental, Pan-Asian, Home Food, North Indian, Chinese, Dess...",N/A,60% off | Use TRYNEW
ROYAL PARIS RESTAURANT,"Indian, Chinese, Tandoor, Beverages",N/A,N/A
Narmadha's Hyderabad Biriyani,Indian,N/A,N/A
Ciro's Pizzeria,Pizzas,N/A,N/A
MY KHANA,"North Indian, Indian, Desserts, Chinese, Fast Food, Combo, Thalis",N/A,50% off | Use TRYNEW
NIC Natural Ice Creams,"Ice Cream, Desserts",N/A,50% off | Use TRYNEW
Sagar fast food,"Chinese, South Indian, North Indian, Fast Food",N/A,N/A
HOSATADAKU,"Indian, Biryani, Desserts",N/A,N/A
DYU ART CAFE,"Italian, Continental, Beverages, Desserts",N/A,N/A
"Bhartiya Jalpan - Sweets, Dry Fruit and Savouries","North Indian, Desserts, Beverages",N/A,N/A
Mysuru Coffee Thindi,South Indian,N/A,30% off | Use TRYNEW
Paratha Meal Co,North Indian,N/A,50% off on all orders
Chef Bakers,"Italian, Continental",3.5,20% off | Use JUMBO
Bowl 99,"Indian, North Indian, South Indian",N/A,50% off on all orders
Sri Krishna Nalapaka,South Indian,N/A,20% off | Use TRYNEW
Combo Plates,"North Indian, Chinese, Fast Food",N/A,30% off | Use TRYNEW
Punjabi Dil Se,"Punjabi, Tandoor, Kebabs, Biryani, Thalis, Beverages",N/A,30% off | Use TRYNEW
Taproom By Sherlock's,"Chinese, South Indian, Tandoor",N/A,N/A
Shapana dhaba,"Chinese, North Indian, Biryani",3.6,50% off on orders above ₹149
Burgermeister,"American, Fast Food, Beverages",N/A,N/A
New Cool Joint,"American, Snacks, Fast Food, Ice Cream, Salads",N/A,20% off | Use TRYNEW
ParathaKingExpress,North Indian,N/A,30% off on orders above ₹189
Pizza Corner House,"Pizzas, Combo",N/A,50% off on orders above ₹199
Sendhoor Coffee,"South Indian, Indian, Beverages",N/A,20% off | Use TRYNEW
Moolehatti Donne Biryani Mane,"Biryani, South Indian, Chinese, Desserts, Combo",N/A,N/A
Biggies Burger,"Fast Food, American, Attractive Combos Available, Beverages, Combo, Snacks",N/A,30% off | Use TRYNEW
Kalingas,"North Indian, Oriya",N/A,N/A
DAVANGERE BENNE DOSE,"South Indian, Fast Food, Snacks",N/A,N/A
Wonton,Chinese,N/A,50% off | Use TRYNEW
Malabar Cafe,"Kerala, South Indian, Desserts, Fast Food, Barbecue, Mughlai, Seafood",3.6,Free Delivery | Use FREEDEL
China Twist,"Chinese, Thai, Beverages, Fast Food, Combo",N/A,30% off | Use TRYNEW
SEASON,"North Indian, South Indian, Chinese",N/A,N/A
Art of Delight,"Desserts, Ice Cream, Beverages",N/A,10% off | Use TRYNEW
Puneri Katta,"Indian, Maharashtrian",N/A,N/A
Ice Cafe & Lassi Shop,"Beverages, Fast Food",3.2,30% off | Use TRYNEW
Food Junction,"Indian, Chinese, Biryani",N/A,20% off | Use TRYNEW
Maa Ka Dabba by Roti-wala.com,"Indian, North Indian, Home Food",N/A,N/A
Momo Zone -The Momo Company,"Street Food, Fast Food, Snacks, Combo",N/A,60% off | Use STEALDEAL
The Firewood Pizza,"Italian, Pizzas, Pastas, Fast Food",3.9,30% off | Use TRYNEW
Breakfast Boss by ibis,"North Indian, Combo, Beverages",3.7,50% off | Use TRYNEW
Trattoria By Toscano,"Italian, Pizzas, Pastas, Continental, Salads, Desserts, Beverages, Combo",N/A,50% off | Use TRYNEW
Parijata pure veg,South Indian,N/A,N/A
Kapoor's Cafe,North Indian,N/A,10% off | Use TRYNEW
Lemon Pepper,Chinese,N/A,50% off | Use TRYNEW
Sukh Sagar,South Indian,N/A,N/A
UBQ by Barbeque Nation,"North Indian, Mughlai, Seafood, Biryani, Desserts, Kebabs",3.8,60% off | Use STEALDEAL
Chicken County Restaurant,"Chinese, Grill, Indian, Juices, North Indian, Tandoor, Ice Cream",N/A,N/A
Southly Healthy,"South Indian, Healthy Food",N/A,50% off | Use TRYNEW
NOTO Healthy Ice Cream,Ice Cream,N/A,N/A
Seven Ate Nine,"Continental, American, Pizzas, Indian, South Indian",N/A,20% off | Use TRYNEW
Khawa Karpo,Chinese,N/A,N/A
Lazeez,"North Indian, Mughlai",N/A,10% off | Use TRYNEW
Angel Restaurant,South Indian,N/A,20% off | Use TRYNEW
ZAATAR BENGALURU,"Arabian, Biryani, North Indian",N/A,60% off | Use STEALDEAL
Andhra Delight,"Biryani, Andhra, Snacks, Beverages, Healthy Food",N/A,30% off | Use SWIGGYIT
Indori Poha,Fast Food,N/A,N/A
Sukh Sagar,South Indian,N/A,N/A
UBQ by Barbeque Nation,"North Indian, Mughlai, Seafood, Biryani, Desserts, Kebabs",3.8,60% off | Use STEALDEAL
Chicken County Restaurant,"Chinese, Grill, Indian, Juices, North Indian, Tandoor, Ice Cream",N/A,N/A
Southly Healthy,"South Indian, Healthy Food",N/A,50% off | Use TRYNEW
NOTO Healthy Ice Cream,Ice Cream,N/A,N/A
Seven Ate Nine,"Continental, American, Pizzas, Indian, South Indian",N/A,20% off | Use TRYNEW
Khawa Karpo,Chinese,N/A,N/A
Lazeez,"North Indian, Mughlai",N/A,10% off | Use TRYNEW
Angel Restaurant,South Indian,N/A,20% off | Use TRYNEW
Andhra Delight,"Biryani, Andhra, Snacks, Beverages, Healthy Food",N/A,30% off | Use SWIGGYIT
ZAATAR BENGALURU,"Arabian, Biryani, North Indian",N/A,60% off | Use STEALDEAL
Indori Poha,Fast Food,N/A,N/A
Lord Of Wings,"Chinese, Indian, Asian",N/A,N/A
The Baker s Dozen,Bakery,N/A,60% off | Use TRYNEW
Ambur Star Briyani Since 1890,"Biryani, Chettinad, Andhra, Beverages, Seafood",N/A,N/A
The Bangalore Cafe,"Chinese, South Indian, North Indian, Continental, Desserts, Italian, Mexican, Be...",N/A,30% off | Use TRYNEW
Daily Sushi,"Japanese, Korean, Pan-Asian",N/A,N/A
Swadist Cafe,"Continental, Snacks",N/A,N/A
AAMCHI MUMBAI- Street Food of Mumbai,Maharashtrian,N/A,N/A
Street Storyss,"Continental, Italian, Pizzas, North Indian, Asian, Mediterranean, Desserts",N/A,30% off | Use TRYNEW
TEA HUT,"Beverages, Cafe, Chinese, Fast Food, North Indian",N/A,30% off | Use TRYNEW
Karavali Family Hotel,"Seafood, Mangalorean, Coastal, Chinese, Arabian",N/A,N/A
Kalpavruksha,"Beverages, Chinese, Desserts, North Indian, South Indian",N/A,N/A
Domino's Pizza,Pizzas,N/A,N/A
Goli Vada Pav No. 1,"Indian, North Indian, Fast Food, American",N/A,20% off | Use TRYNEW
Matka Kulfi,Ice Cream,N/A,N/A
Sharief Bhai,"Biryani, North Indian, Kebabs, Mughlai, Grill, Fast Food, Beverages, Combo, Swee...",N/A,60% off | Use STEALDEAL
TOO MUCH CHUTNEY,South Indian,N/A,30% off | Use TRYNEW
Krishna Vaibhava,Indian,N/A,N/A
Hungry Panda,"Asian, Chinese, Pan-Asian, Snacks",3.6,50% off | Use TRYNEW
Toscano's Crafted Cakes and Desserts,"Desserts, Bakery",N/A,50% off | Use TRYNEW
Mainland China,"Asian, Chinese",N/A,60% off | Use DEAL60
veg cake house,"Desserts, Bakery",N/A,40% off | Use TRYNEW
cupcakery,Desserts,N/A,40% off | Use TRYNEW
Majlis Biryani,"Biryani, Kebabs",N/A,30% off on all orders
Wheat Barn,"Pizzas, Fast Food, Desserts, Combo, Beverages, Snacks",N/A,40% off | Use TRYNEW
Express Kitchen,"Indian, Biryani, Ramzan Special",N/A,N/A
Biryani Pot,"North Indian, Biryani",3.9,20% off | Use JUMBO
Urban Monkey Cafe,"Cafe, Pizzas, American",N/A,N/A
Huang - Indian Chinese Food,"Chinese, Pan-Asian, Fast Food, Thai, Tibetan",N/A,60% off | Use TRYNEW
That Pizza Place,"Pizzas, Italian, Fast Food",N/A,40% off | Use TRYNEW
ZAZA 21 Spice Biryani,"North Indian, Biryani, Fast Food, Combo, Snacks",N/A,50% off | Use TRYNEW
LeanCrust Pizza - ThinCrust Experts,"Pizzas, Italian",N/A,20% off | Use UNLIMITED
Thalassery Restaurant ,"Indian, Chinese, Desserts, Beverages",N/A,N/A
Fresh Cane Juice,"Indian, Juices, Ice Cream",N/A,N/A
Purnabramha,Maharashtrian,N/A,N/A
Bamey's Restro Cafe,"Chinese, Thai, Nepalese",N/A,40% off | Use TRYNEW
Aubree,"Desserts, Bakery",N/A,30% off | Use TRYNEW
House Of Bihar,"Bihari, Snacks, Fast Food",N/A,N/A
Delhi Chat,Chaat,N/A,N/A
Simply South by YummyEats,"Biryani, Indian, South Indian, Kerala, Mughlai, Seafood, Street Food",3.9,60% off | Use TRYNEW
DrGelato,"Ice Cream, Desserts",N/A,15% off on orders above ₹100
Wingman,"Continental, American, Pan-Asian",N/A,25% off | Use TRYNEW
Sandwich souk,Chinese,N/A,50% off | Use SWIGGYIT
Hunger Bowls,"Chinese, Indian, Thai",3.1,50% off | Use TRYNEW
Oh! Pizza,"Pizzas, Desserts, Beverages, Italian, Combo, Snacks, Fast Food",N/A,50% off | Use TRYNEW
Bob's Bar,"South Indian, North Indian, Desserts",N/A,N/A
Fusion Theory,"North Indian, Chinese, Continental",N/A,40% off | Use TRYNEW
Kolkata Kitchen,Bengali,N/A,40% off on orders above ₹199
Sonar Bangla,Bengali,N/A,40% off on orders above ₹199
The Meal Plate by Roti-wala.com,North Indian,3.8,30% off | Use TRYNEW
AMITAB FOOD POINT,Indian,N/A,N/A
Flax - Healthy Living,"Cafe, Salads, Healthy Food",N/A,10% off | Use PARTY
Lucknowee,"North Indian, Biryani, Kebabs",N/A,N/A
Yo! Chow,"Chinese, Asian, Thai, Tibetan, Desserts, Pan-Asian",N/A,50% off | Use TRYNEW
Royal Biryani Kitchen,"Indian, Chinese, Tandoor, Fast Food, Snacks, Mughlai",N/A,50% off | Use TRYNEW
Andhra Mess,"Andhra, South Indian, Biryani, Chinese, Hyderabadi",N/A,N/A
The Baker's Dozen,Bakery,N/A,60% off | Use TRYNEW
Bull Burger,"Beverages, Fast Food, Snacks",N/A,N/A
Mughlai Biryani,"Biryani, Mughlai, Kebabs, Chinese",N/A,N/A
Punjabi tashan,North Indian,N/A,N/A
Maiyas Restaurants,"South Indian, Fast Food",N/A,N/A
SAMAIKYA,"Indian, Biryani, Desserts",N/A,40% off on all orders
Kerala la Paratha,"Chinese, Kerala, Seafood",N/A,30% off | Use TRYNEW
Cake Art,Beverages,N/A,N/A
Wokitchen,"Chinese, Pan-Asian, Vietnamese, Thai, Tibetan, Fast Food",N/A,60% off | Use STEALDEAL
Burger Panda,"Combo, Beverages",N/A,30% off on all orders
Hatti Donne Biryani,"Biryani, South Indian, Chinese",N/A,50% off | Use TRYNEW
Golden Dragon,"Chinese, Indian, Seafood, Desserts",N/A,40% off | Use TRYNEW
Singh Da Punjabi Dhaba,"Punjabi, Tandoor, Chinese",3.8,60% off | Use STEALDEAL
Prezzed Juicery,"Juices, Healthy Food",N/A,20% off | Use TRYNEW
"Bombay Kulfi- Icecreams, Kulfis & Desserts","Desserts, Ice Cream, Sweets",N/A,40% off on all orders
World On A Swirl: Ice Cream and Desserts,"Ice Cream, Bakery, Desserts, Fast Food, Beverages",N/A,40% off | Use TRYNEW
Sub Spot,Fast Food,N/A,20% off | Use TRYNEW
Khai Khai,"Bengali, Biryani, Beverages",N/A,30% off | Use TRYNEW
Balle Balle Kitchen,"Punjabi, North Indian, Indian, Mughlai, Chinese, Biryani",N/A,N/A
Punjabi United - Pure Veg,North Indian,N/A,N/A
Myfroyoland,"Desserts, Ice Cream",N/A,40% off | Use TRYNEW
SLAY Coffee,"Beverages, Desserts",N/A,50% off | Use SPECIALS
Reveur Chocolates,"Desserts, Snacks, South Indian",N/A,N/A
Cravy Wings - the american diner,"American, Fast Food",N/A,Free Delivery | Use FREEDEL
Ooty Chocolates,Desserts,N/A,N/A
XPRESS CHAI,"Beverages, Snacks, Desserts",N/A,30% off | Use TRYNEW
The Signature Kitchen,Indian,N/A,N/A
Omleterian,"Continental, American, Fast Food",3.6,30% off | Use TRYNEW
NH1 Bowls - Highway To North,"North Indian, Biryani, Fast Food, Combo, Snacks",N/A,50% off | Use TRYNEW
The Modak,"North Indian, Thalis, Chinese, Continental, Sweets",N/A,N/A
Ultimate Punjabi,"Chinese, Tandoor, Desserts, Beverages, Indian, North Indian, Punjabi",N/A,30% off | Use JUMBO
Biriyani Mane,"Andhra, Beverages, Biryani, Chinese, Coastal, Fast Food, North Indian, Seafood, ...",N/A,30% off | Use TRYNEW
Biriyan,"Bengali, Indian, Biryani",N/A,N/A
Shake It Off,"Beverages, Ice Cream, Desserts, Fast Food",N/A,30% off | Use TRYNEW
Pizza Bae,Pizzas,N/A,N/A
Bonum cibum,"Lebanese, Turkish, Mediterranean, Arabian, Italian, European, Continental, Pasta...",3.8,N/A
basil bistro,"Chinese, Continental, Italian, Indian, American, Lebanese, Mediterranean, Mexica...",N/A,N/A
AGADI,"Fast Food, Snacks, Beverages, Juices",N/A,N/A
Tasty Shawarma,"Seafood, Indian, South Indian, North Indian, Chinese",N/A,N/A
Fish & Fries,"Seafood, Bengali, Thalis, Biryani, Continental, Indian, Fast Food, Steakhouse",N/A,20% off | Use TRYNEW
Call Me Chow,"Chinese, Pan-Asian",N/A,40% off | Use TRYNEW
Park View Restaurant,"Chinese, South Indian, North Indian, Fast Food, Beverages",N/A,20% off | Use TRYNEW
89 Express Dhaba,"North Indian, Rajasthani, Chinese",3.1,50% off on all orders
Holy Smoke,"Arabian, Mughlai, Chinese, Biryani",N/A,20% off | Use TRYNEW
New Shanti Upahar,South Indian,N/A,N/A
lilVita,"Healthy Food, Salads, Beverages, Continental, Snacks",N/A,40% off | Use TRYNEW
Chinita Real Mexican Food,"Mexican, Beverages, Salads",N/A,N/A
BROTHER BARLEY BREWING COMPANY,"Indian, Continental, American, Pizzas, Mediterranean, Italian",N/A,20% off | Use SWIGGYIT
CHEFS KNIFE,"American, Continental, Italian, Pizzas, Pastas, Chinese",N/A,30% off | Use TRYNEW
Happy Jar Company,"Chinese, Continental, Italian, Mediterranean, Thai, Lebanese, American, Asian, B...",N/A,N/A
Smoke the sizzler house,"Continental, American, Desserts, Fast Food, Italian, Mexican, Beverages",N/A,N/A
The Baker's Dozen,"Bakery, Juices",N/A,60% off | Use TRYNEW
Occasions,Bakery,N/A,50% off | Use TRYNEW
Aunt Annie's Homely Sandwiches,"American, Beverages, Fast Food",N/A,10% off | Use TRYNEW
Akss - Modern Indian,"Snacks, Street Food, North Indian",N/A,10% off | Use UNLIMITED
The Himalayan Momo Company,"Snacks, Beverages, Cafe, Fast Food, Bakery, Chinese, Tibetan",N/A,20% off | Use TRYNEW
Bearfoot Bistro,"Pizzas, Continental",N/A,50% off | Use SWIGGYIT
The Mumbai PAV Bhaji,"Gujarati, Fast Food, Street Food, Indian, North Indian, Maharashtrian, Rajasthan...",N/A,N/A
Lassi'licious ,"Gujarati, Fast Food, Street Food, Indian, North Indian, Maharashtrian, Rajasthan...",N/A,N/A
Risalo Italian Pizza,"Italian, Pizzas, Continental, Salads, Beverages",N/A,25% off | Use TRYNEW
Sri Udupi Park,"South Indian, Chinese, Chaat, North Indian",N/A,10% off | Use TRYNEW
AL-TAJ,"Chinese, Indian",N/A,50% off | Use TRYNEW
MARZANO Pizza,"Italian, Pizzas",N/A,40% off | Use TRYNEW
Ammi's Biryani,"Biryani, North Indian, Kebabs, Mughlai, Grill, Fast Food, Desserts, Sweets, Beve...",3.8,60% off | Use STEALDEAL
Cane Crussh,"Juices, Healthy Food",N/A,N/A
Gawky Goose,"North Indian, South Indian, Asian, Tandoor, Italian, Middle Eastern, Continental...",N/A,20% off | Use TRYNEW
TUMMY TUCKER,"Healthy Food, Salads, Juices",N/A,20% off | Use TRYNEW
INOX,Fast Food,N/A,50% off | Use TRYNEW
Puchkas,"North Indian, Chaat",3.9,20% off | Use TRYNEW
Tipsy Bull The Bar Exchange,Indian,N/A,N/A
ADNAN KABAB POINT,"Chinese, Indian",N/A,N/A
"Welcomhotel by ITC Hotels, Bengaluru","Indian, Continental, Chinese, North Indian, Italian, Pastas",N/A,N/A
The Flying Cup,"Cafe, Desserts, Fast Food",N/A,N/A
The Green House - Health Kitchen,"Snacks, Desserts, Ice Cream, Juices",N/A,30% off | Use TRYNEW
What'sinaPita,"Middle Eastern, Mediterranean, Arabian, Lebanese, Continental, Fast Food",N/A,60% off | Use STEALDEAL
SOUTHIE,"South Indian, Indian",N/A,10% off | Use TRYNEW
Mishmash,"Andhra, Biryani",N/A,30% off on all orders
INOX,Fast Food,N/A,50% off | Use TRYNEW
Tipsy Bull The Bar Exchange,Indian,N/A,N/A
Puchkas,"North Indian, Chaat",3.9,20% off | Use TRYNEW
ADNAN KABAB POINT,"Chinese, Indian",N/A,N/A
"Welcomhotel by ITC Hotels, Bengaluru","Indian, Continental, Chinese, North Indian, Italian, Pastas",N/A,N/A
The Flying Cup,"Cafe, Desserts, Fast Food",N/A,N/A
The Green House - Health Kitchen,"Snacks, Desserts, Ice Cream, Juices",N/A,30% off | Use TRYNEW
What'sinaPita,"Middle Eastern, Mediterranean, Arabian, Lebanese, Continental, Fast Food",N/A,60% off | Use STEALDEAL
SOUTHIE,"South Indian, Indian",N/A,10% off | Use TRYNEW
Mishmash,"Andhra, Biryani",N/A,30% off on all orders
Adithya,"Chinese, South Indian, North Indian, Desserts, Fast Food",N/A,20% off | Use TRYNEW
InnerChef,"Thalis, Home Food, Indian, North Indian, South Indian, Combo, Snacks, Mexican, A...",N/A,50% off | Use TRYNEW
Easy Bites,"Snacks, American",N/A,N/A
Royal Treat,"North Indian, Chinese, Seafood, Biryani",N/A,20% off | Use TRYNEW
"Canteen Central - Burgers, Pastas and More","American, Pastas, Fast Food, Snacks, Desserts, Beverages, North Indian, Italian",N/A,60% off | Use STEALDEAL
SMOQUE The Fusion Bistro,"Indian, Biryani, Pizzas, Pastas",N/A,N/A
Tarbouche,"Arabian, Street Food, Beverages, Fast Food, Middle Eastern, Biryani, Tandoor",N/A,20% off | Use TRYNEW
Maruthi Sweets,"Fast Food, Sweets",N/A,N/A
Divina,Bakery,N/A,N/A
Kia's Kitchen,"Indian, Chinese, Thalis, Biryani",N/A,N/A
The Modak,"North Indian, Thalis, Chinese, Continental, Sweets",N/A,N/A
Thoda Aur,"North Indian, Bihari, Maharashtrian",N/A,N/A
Kuttanadu,"Chinese, South Indian, Kerala",3.2,20% off | Use TRYNEW
5th Avenue Cafe,"Italian, Continental",N/A,50% off | Use TRYNEW
Express Bowl,Indian,N/A,N/A
Mystique Palate,Fast Food,N/A,N/A
AUNTIE FUNG'S,"Asian, Chinese, Thai",N/A,60% off | Use TRYNEW
Bengali Dhekur,Bengali,3.9,40% off on orders above ₹199
Chang's Chinese,"Chinese, Asian",N/A,20% off on orders above ₹199
Punjabi Chatkara,"North Indian, Chinese",N/A,N/A
Bites & Bowls,"Snacks, Chinese, Beverages",N/A,N/A
Swiss Cream - Ice Creams and More,"Desserts, Ice Cream, Beverages",3.7,40% off | Use TRYNEW
Cupcake Bliss Cake & Desserts,"Desserts, Bakery, Ice Cream, American, British, Combo, Snacks",N/A,40% off | Use TRYNEW
FRAPPE FRESCO,"Beverages, Desserts",N/A,N/A
Indiana Burgers,"American, Fast Food, Beverages",N/A,60% off | Use STEALDEAL
Simply Chinese by YummyEats,Chinese,N/A,60% off | Use TRYNEW
BUMBLE BEE BRAUHAUS,"Chinese, Indian, Pizzas, Desserts, Biryani",N/A,N/A
Pot Biryani,"North Indian, Chinese, Andhra, Biryani, Beverages, Tandoor",N/A,50% off | Use TRYNEW
Dhaba Estd 1986 Delhi,"North Indian, Kebabs, Mughlai, Punjabi, Biryani, Desserts, Beverages",N/A,60% off | Use STEALDEAL
Napoli Italian Bistro,"Continental, Italian",N/A,30% off | Use TRYNEW
AL-BEK,Tandoor,3.8,N/A
Sante Spa Cuisine,"American, Italian, North Indian",N/A,N/A
Meezaan shahi biryani,Indian,N/A,N/A
Green Cravings,"Healthy Food, Continental, Keto, Indian, Salads",3.9,25% off | Use PARTY
The Reservoire,"Chinese, North Indian, Continental, American, Desserts, Italian, Beverages, Seaf...",N/A,20% off | Use TRYNEW
BURGER CALIFORNIA,"Pizzas, Continental, Combo",N/A,30% off on orders above ₹199
ATH - All Things Healthy!,"Healthy Food, Snacks, Bakery, North Indian, Keto, Indian",N/A,N/A
The Red Box,Chinese,N/A,60% off | Use TRYNEW
Trippy Paradise,"American, Continental, Italian, Pizzas, Pastas, Chinese",N/A,30% off | Use TRYNEW
GOLDYS,North Indian,N/A,20% off | Use TRYNEW
TENDER COCONUT,Juices,N/A,N/A
Gongura's,"Andhra, Biryani, Chinese, North Indian, Seafood, South Indian",3.8,N/A
Punjabi Bowl,"Home Food, North Indian, Thalis, Beverages, Chinese, Healthy Food, Indian, Combo...",N/A,60% off | Use STEALDEAL
Ice cream station,"Ice Cream, Beverages",N/A,20% off | Use TRYNEW
Stoned Monkey,"Ice Cream, Beverages, Juices, Desserts, Fast Food",N/A,60% off | Use TRYNEW
Gelatissimo,"Desserts, Beverages",N/A,N/A
Kohinoor Restaurant,"Indian, Chinese",N/A,N/A
Fisherwoman,"Seafood, Tandoor, Bengali, Andhra, South Indian",N/A,20% off | Use TRYNEW
Chaiwala - Teas and Sandwiches,"North Indian, Beverages, Fast Food, Snacks",N/A,N/A
NI HAO CHINA,Chinese,N/A,30% off | Use TRYNEW
Hot Red Chilli,"Indian, Chinese",3.8,50% off | Use TRYNEW
NAMASTE INDIA,"North Indian, South Indian, Fast Food, Thalis",N/A,30% off | Use TRYNEW
Nuage,"Cafe, Continental, Desserts",N/A,N/A
Palki,"Chinese, North Indian, Desserts, Seafood",N/A,N/A
Stoned Monkey,"Ice Cream, Beverages, Juices, Desserts, Fast Food",N/A,60% off | Use TRYNEW
Gelatissimo,"Desserts, Beverages",N/A,N/A
Kohinoor Restaurant,"Indian, Chinese",N/A,N/A
Fisherwoman,"Seafood, Tandoor, Bengali, Andhra, South Indian",N/A,20% off | Use TRYNEW
Chaiwala - Teas and Sandwiches,"North Indian, Beverages, Fast Food, Snacks",N/A,N/A
NI HAO CHINA,Chinese,N/A,30% off | Use TRYNEW
Hot Red Chilli,"Indian, Chinese",3.8,50% off | Use TRYNEW
NAMASTE INDIA,"North Indian, South Indian, Fast Food, Thalis",N/A,30% off | Use TRYNEW
Nuage,"Cafe, Continental, Desserts",N/A,N/A
Palki,"Chinese, North Indian, Desserts, Seafood",N/A,N/A
The Nukkad Wala,Italian,N/A,N/A
HBH Stonerz & Falooda Bar,"Ice Cream, Waffle",N/A,N/A
Ashirvaad Grand,"Chinese, South Indian, North Indian, Desserts, Beverages",N/A,N/A
The Caffeine Baar,"Beverages, Bakery, Desserts",N/A,20% off | Use TRYNEW
Chai Nagri,"Snacks, Beverages, Combo, Cafe, Punjabi, Maharashtrian, South Indian, Street Foo...",3.8,20% off | Use TRYNEW
The SnackStop(Eswaris Homemade snacks),"Snacks, Indian, Sweets, Bakery, North Indian, South Indian, Home Food",N/A,N/A
Amrutha Mess Ela Mess,"South Indian, Biryani",N/A,N/A
Northwest Kebab & Curryhouse,"Indian, North Indian, Mughlai",N/A,30% off | Use TRYNEW
Grow Fit,"Healthy Food, Keto, Indian, Biryani, Thai",N/A,60% off | Use TRYNEW
Gyms Kitchen,Grill,N/A,N/A
MEALFUL WRAPS,"Fast Food, North Indian, Desserts, Snacks, Indian",N/A,60% off | Use STEALDEAL
Fruzo Bar,"Juices, Ice Cream, Pizzas",N/A,N/A
Biriyan,"Bengali, Indian, Biryani",N/A,N/A
Cake of the day,"Bakery, Snacks, Fast Food, Indian",N/A,N/A
The Juice Company,"Juices, Beverages",N/A,N/A
Big Bowl Company,"North Indian, Chinese, Fast Food",3.8,60% off | Use TRYNEW
Erivum Puliyum,"Kerala, South Indian, Seafood, Coastal",N/A,N/A
Venus Biryani,Biryani,N/A,40% off on all orders
Java City,"Desserts, Fast Food, Italian",N/A,30% off | Use TRYNEW
Jyothi Pork Hotel,Indian,N/A,15% off on all orders
Sea Food Magic,"Seafood, Arabian, Tandoor, Chinese, South Indian, North Indian",N/A,20% off on orders above ₹99
Karahi Kitchen,"Andhra, Bowl Company,  Keventers & more, Tandoor, Biryani, North Indian",N/A,60% off | Use TRYNEW
Cake of the day,"Bakery, Snacks, Fast Food, Indian",N/A,N/A
The Juice Company,"Juices, Beverages",N/A,N/A
Big Bowl Company,"North Indian, Chinese, Fast Food",3.8,60% off | Use TRYNEW
Erivum Puliyum,"Kerala, South Indian, Seafood, Coastal",N/A,N/A
Venus Biryani,Biryani,N/A,40% off on all orders
Java City,"Desserts, Fast Food, Italian",N/A,30% off | Use TRYNEW
Jyothi Pork Hotel,Indian,N/A,15% off on all orders
Sea Food Magic,"Seafood, Arabian, Tandoor, Chinese, South Indian, North Indian",N/A,20% off on orders above ₹99
Karahi Kitchen,"Andhra, Bowl Company,  Keventers & more, Tandoor, Biryani, North Indian",N/A,60% off | Use TRYNEW
Mandya Gowdru Donne Biryani,"Biryani, Chettinad, Combo",3.6,40% off | Use TRYNEW
APARANJI NAATI MANE,"Biryani, Kebabs, Combo",N/A,N/A
Dessert Studio by Third Wave,Indian,N/A,30% off | Use TRYNEW
Indian Burrito Company,"Tex-Mex, Salads, Healthy Food, Keto, Mexican, Fast Food, Pizzas",3.6,50% off | Use TRYNEW
The Lassi Pub,"Fast Food, Juices",N/A,20% off | Use TRYNEW
Gam's Delicacy,"North Indian, Chinese, Continental, Assamese",N/A,N/A
NAMMA ADDA,Indian,N/A,30% off | Use TRYNEW
Copper Kitchen,"Biryani, Barbecue, Chettinad, Chinese",N/A,N/A
Cream N Cha,"Desserts, Ice Cream, Beverages",N/A,N/A
ODIA KHAIBA,"Indian, Seafood",N/A,N/A
Fabcafe by Fabindia,"North Indian, Healthy Food, Biryani, Beverages",N/A,N/A
Delhi Jaipur Express Kitchen,North Indian,3.2,N/A
IceBreakers Ice Creams,"Ice Cream, Desserts, Beverages",N/A,N/A
Punjab Bistro,"North Indian, Biryani, Indian",N/A,N/A
Abhiruchi Restaurant,"Andhra, Biryani, Chinese, Mughlai, North Indian, Seafood, South Indian",N/A,N/A
nu.tree,"Chinese, Healthy Food, North Indian",N/A,N/A
Handmade by Flayvor Co.,"Pizzas, Italian, Pastas, Desserts",N/A,N/A
KOTTAYAM KITCHEN,"Chinese, Indian, Beverages",3.7,N/A
SWADISHTA BHAVAN,"South Indian, North Indian",N/A,N/A
Telugu Vantillu,"Andhra, Combo, Home Food, South Indian, Indian, Beverages, Desserts",N/A,N/A
Cookie Man,"Bakery, Desserts, Australian, Snacks, Cafe",N/A,N/A
Candy Cloud Factory,"Beverages, Ice Cream, Bakery, Combo, Desserts, Fast Food, Juices, Sweets, Snacks",N/A,N/A
Jagannath Food Corner,North Indian,N/A,N/A
CAFE MOSHI,"Continental, Italian",N/A,N/A
EXPRESS BY AB'S,"Biryani, North Indian, Chinese, South Indian",3.5,N/A
China Coast,Chinese,N/A,N/A
YOHAN KITCHEN,Biryani,N/A,N/A
GOHAPPY FRESH BAKES,"Beverages, Juices",N/A,N/A
Bready Steady GO Jayanagar,"Pizzas, Italian, Fast Food, Cafe, American",N/A,N/A
Al Taza,Arabian,N/A,N/A
Mughal Treat,"Arabian, Chinese",N/A,N/A
Amontron,"Bengali, Chinese, Street Food",N/A,N/A
Boston Barista - Kappayum Curriyum,"Kerala, South Indian, Snacks, Combo",N/A,N/A
Shree Muthahalli Veg,"South Indian, North Indian, Indian, Chaat, Beverages, Ice Cream",N/A,N/A
High N Hungry,"Andhra, Biryani, Chinese, Desserts, Fast Food, Seafood, South Indian",N/A,N/A
Bite Me,"Bakery, Desserts",N/A,N/A
Lassi Ghat,Beverages,N/A,N/A
Biryani Now by YummyEats,"Biryani, South Indian, Combo, Street Food, Beverages",N/A,N/A
RJ 14 Kitchen,"Fast Food, North Indian",N/A,N/A
8 bytes,Snacks,N/A,N/A
Meat and Eat,Fast Food,3.9,30% off | Use TRYNEW
Vadilal Ice Cream,"Ice Cream, Desserts",N/A,60% off | Use TRYNEW
dessertdash,Desserts,N/A,40% off | Use TRYNEW
Fries Box,"Snacks, American",N/A,N/A
Shanmukha Restaurant,"Biryani, Hyderabadi, Andhra, North Indian, South Indian, Chinese, Tandoor, Seafo...",3.8,50% off | Use TRYNEW
Lazzet Lee,"Fast Food, Kebabs",N/A,50% off | Use SWIGGYIT
Meat and Eat,Fast Food,N/A,30% off | Use TRYNEW
Just Bake - Cakes & confectioners,"Desserts, Bakery",N/A,40% off | Use TRYNEW
Chai Days,"Bakery, Combo, Beverages, Snacks",N/A,40% off | Use TRYNEW
public rooftop bar and kitchen,Indian,N/A,N/A
Tapri By The Corner,"Fast Food, North Indian, Chinese",N/A,40% off | Use TRYNEW
Kurtoskalacs,"Continental, Desserts, Fast Food, Juices, Snacks, Beverages",N/A,50% off | Use TRYNEW
Sardar,"North Indian, Tandoor, Biryani, Kebabs, Mughlai, Awadhi",N/A,50% off | Use TRYNEW
C. K. Mega Hot Food,Chinese,N/A,60% off | Use STEALDEAL
 IBC (Indian Biryani Company),"Biryani, South Indian",N/A,30% off | Use TRYNEW
Hummus Club Blr,"Mediterranean, Arabian",N/A,N/A
OYALO Pizza,"Pizzas, Fast Food",N/A,N/A
deli2go,"Beverages, Fast Food",N/A,20% off on all orders
Shake It Off,"Beverages, Ice Cream, Desserts, Fast Food",N/A,30% off | Use TRYNEW
Raghavendra Upahara,"South Indian, Chinese, Ice Cream",N/A,N/A
Mysore Military Hotel,"Biryani, Combo, Andhra, South Indian, Desserts, Biryani - Shivaji Military Hotel...",N/A,25% off on all orders
Hokart - Bombay Sandwich,"Fast Food, Street Food, Snacks",N/A,10% off | Use TRYNEW
Pathaan Sir,Fast Food,N/A,30% off | Use TRYNEW
Dessert Studio by Third Wave,Indian,N/A,30% off | Use TRYNEW
The Jade Kitchen,"Chinese, Thai",N/A,20% off | Use TRYNEW
Itminaan Biryani - Dum Pukht,"Biryani, North Indian, Mughlai",N/A,50% off | Use TRYNEW
Sri Lakshmi Vaibhava,"South Indian, Chinese, Chaat, Juices",N/A,N/A
Pizza Bae,Pizzas,N/A,N/A
Chakhna Food & Snacks,"North Indian, Tandoor, Biryani, Chinese, Snacks, Beverages, Thalis, Punjabi",N/A,30% off | Use TRYNEW
Maach Misti And More,"Afghani, Bengali, Tandoor",N/A,40% off | Use TRYNEW
Natural Ice Creams Mow,"Ice Cream, Desserts",3.9,20% off | Use PARTY
Sri Srinivas Pork Hotel,"South Indian, Chinese, Snacks",3.1,10% off | Use TRYNEW
Don's Burger House,"American, Continental, Fast Food",N/A,N/A
The Burger Place,"Continental, American, Desserts, Fast Food, Beverages",3.8,50% off | Use TRYNEW
DVG Benne Dosa,South Indian,N/A,30% off | Use PARTY
Lucky Chan,"Asian, Chinese, Japanese",N/A,60% off | Use TRYNEW
NAATI STYLE BIRIYANI GRAND  FAMILY RESTAURANT,"Biryani, Chinese, Kebabs, North Indian",3.9,40% off | Use TRYNEW
Eat Again,Chinese,N/A,N/A
Meal Studio,"North Indian, Indian, Combo, Desserts, Beverages, Home Food, Healthy Food, Thali...",N/A,50% off | Use TRYNEW
Maggie's Kitchen,"Chinese, North Indian, Continental, Italian",N/A,50% off on all orders
Pastawallah,Pastas,N/A,50% off on all orders
Andhra Meal Express,"Desserts, Beverages, Kebabs, Home Food",N/A,30% off | Use TRYNEW
Jhakaas snacks centre,"Maharashtrian, Snacks, Fast Food",N/A,N/A
Pizza Stop,"Italian, Pizzas",N/A,30% off | Use TRYNEW
Sandice Cafe,"Beverages, Snacks",N/A,N/A
Ola Foods Central,"Biryani, Indian, Home Food",N/A,N/A
Crispy,Fast Food,N/A,N/A
Gudbud,"Ice Cream, Desserts",N/A,N/A
Roof Top Cafe,"Continental, American, Desserts, Fast Food, Italian",N/A,N/A
RAWCHEF,Chinese,N/A,N/A
Espressoulster,"Continental, Italian, Cafe, Beverages",N/A,30% off on orders above ₹159
TAPAS HIDEOUT,"North Indian, Snacks, Cafe",N/A,N/A
Sinful Desserts,"Beverages, Desserts, Juices",N/A,Free Delivery | Use FREEDEL
The Bangalore Creamery,"Beverages, Desserts",N/A,20% off | Use TRYNEW
The Wok pops,Chinese,3.9,30% off | Use TRYNEW
green Go,Juices,N/A,N/A
Wowfillzz,"Ice Cream, Desserts, Beverages",N/A,N/A
Tomba kitchen,Chinese,N/A,N/A
Sai ram hot chips,"Snacks, Beverages, Indian, Fast Food",N/A,N/A
Millennials,"Fast Food, Continental, Indian, Chinese",N/A,10% off | Use PARTY
Waffl'd,"Beverages, Desserts, Snacks",N/A,Free Delivery | Use FREEDEL
Burger and Beyond,"American, Fast Food, Beverages",N/A,40% off | Use TRYNEW
CM CAFE,"Beverages, Juices, Ice Cream",N/A,10% off on all orders
UDUPI UPAHAR,Indian,N/A,25% off on orders above ₹199
Chinese Mirch,"Chinese, Pan-Asian, Combo, Fast Food",3.6,20% off | Use TRYNEW
NATURAL MUMBAI KULFI,"Desserts, Ice Cream, Beverages",N/A,30% off | Use SWIGGYIT
Arbor Brewing Company,"Continental, American, Desserts, Fast Food, Beverages, Seafood",N/A,N/A
Madurai Dosa Villas,South Indian,N/A,N/A
Dr.Bubbles Jayanagar Bengaluru,"Desserts, Beverages",N/A,20% off on orders above ₹100
HomeSe Just Veg,"Home Food, South Indian, North Indian",3.5,50% off | Use TRYNEW
TBC (To Be Continued),North Indian,3.9,N/A
SHIMLA MIRCH,"North Indian, Chinese, Fast Food, Bengali, Continental, Pizzas, Italian",N/A,N/A
Cafe On The Way (Cafe OTW),"American, Continental, Cafe, Italian, Middle Eastern, Fast Food, Combo, Desserts...",N/A,30% off | Use TRYNEW
Call A Cake,Desserts,N/A,50% off | Use SPECIALS
SoupWala,"Indian, Chinese, Fast Food",3.6,20% off on all orders
The Tea Pie,"Continental, Fast Food, North Indian, Street Food",3.7,15% off | Use TRYNEW
Tasty Shawarma Rolls,Indian,N/A,30% off | Use TRYNEW
Foodeo - Polo Peppinos,"Fast Food, Snacks",N/A,50% off | Use TRYNEW
MY CAKE AND MORE,"Bakery, Desserts",3.9,40% off | Use TRYNEW
Prerana foods,"North Indian, Biryani",N/A,30% off | Use TRYNEW
Watson's,"North Indian, South Indian, Chinese, Fast Food",N/A,N/A
rock and roll,Indian,N/A,N/A
Shahirazz Biriyanis and Kebabs,"South Indian, Biryani, Desserts, Beverages, Indian",N/A,N/A
THAR the taste of Rajasthan,"Thalis, Sweets",N/A,N/A
Sri Vishnu Grand Veg,"South Indian, Indian, Chinese",N/A,20% off | Use TRYNEW
SODO PIZZA BY FRESH PRESSERY,"Pizzas, Italian, Pastas, Desserts, Beverages",N/A,30% off | Use TRYNEW
Cafe Noir,"European, Italian, Pizzas, Pastas, Desserts, Fast Food, Continental, Salads, Bri...",N/A,50% off | Use TRYNEW
Bonum cibum,"Lebanese, Turkish, Mediterranean, Arabian, Italian, European, Continental, Pasta...",3.8,N/A
Sweet Chariot,Desserts,N/A,N/A
five star new ambur biriyani,South Indian,3.6,20% off | Use SWIGGYIT
Paratha 18,Indian,N/A,30% off | Use TRYNEW
New Udupi Garden Veg,"Chinese, Fast Food, Chaat, Juices, North Indian, South Indian",N/A,20% off | Use TRYNEW
The Fisherman's Wharf,"Chinese, North Indian, Continental, American, Desserts, Italian, Seafood, Pan-As...",N/A,10% off | Use PARTY
Koyla - Rolls & Kebabs,"North Indian, Fast Food, Tandoor, Kebabs",3.8,30% off | Use TRYNEW
Shahiya,"Biryani, Kebabs",3.5,60% off | Use TRYNEW
Punjabi Dhaba,"North Indian, Chinese",N/A,30% off | Use TRYNEW
NEW Mahesh friends food center,"Chinese, North Indian",3.0,40% off | Use TRYNEW
Toscano,"Italian, Pizzas, Pastas, Continental, Salads, Desserts, Beverages, Combo",N/A,50% off | Use TRYNEW
US Pizza - Kempfort Mall,"Pizzas, Italian, Fast Food",3.0,50% off | Use TRYNEW
Lavonne,Cafe,N/A,N/A
Amata,"Continental, Cafe",N/A,N/A
FOOD THREAD,"North Indian, Chaat, Snacks, Bakery",N/A,20% off | Use TRYNEW
Saarangi express,"Chinese, North Indian, South Indian",N/A,N/A
Hiyar Majhe Kolkata,"North Indian, Bengali, Chinese, Desserts",N/A,40% off | Use TRYNEW
Hokart - Kolkata Katti King Roll,"Fast Food, Street Food, Snacks",N/A,N/A
POP Home Kitchen,"Fast Food, Beverages",N/A,N/A
Chat bandi,"Chaat, Snacks, Pizzas, Fast Food",3.8,N/A
Sri Udupi Park - Kodihalli,"South Indian, Chaat, North Indian, Beverages, Chinese",N/A,10% off | Use TRYNEW
CSMUMBAISTYLEVADAPAVCHATS,"Maharashtrian, Fast Food",N/A,N/A
Hotel Navya foods,"Chinese, Tandoor",N/A,N/A
Dilli Da Dhaba,"North Indian, Tandoor, Biryani, Chinese, Punjabi, Fast Food, Combo",3.9,60% off | Use STEALDEAL
DTR(Dilli Tiffin Room),Indian,N/A,30% off | Use TRYNEW
Bombay Kulfis,"Ice Cream, Desserts, Sweets",N/A,60% off | Use STEALDEAL
The Digitale Chef,"Desserts, Bakery",N/A,N/A
Lo! - Low Carb and Keto Foods,"Healthy Food, Keto, North Indian, Continental",N/A,60% off | Use STEALDEAL
Mr Biriyani,Biryani,N/A,50% off | Use TRYNEW
Combo House,"Combo, Chinese, North Indian, South Indian",N/A,20% off on orders above ₹99
basil bistro,"Chinese, Continental, Italian, Indian, American, Lebanese, Mediterranean, Mexica...",N/A,N/A
Sri upahara veg,South Indian,N/A,N/A
Pa Pizza,"Italian, Pizzas",N/A,50% off | Use SWIGGYIT
Chef Bakers Cakes & Savouries,"Bakery, Beverages, Desserts",N/A,N/A
MALABAR MAGIC,Indian,N/A,20% off | Use TRYNEW
RED HOT CHILLY PEPPER,"Indian, Fast Food, Chinese",N/A,40% off | Use TRYNEW
Shaap,Kerala,N/A,N/A
Smoke Tales,"Indian, Combo, Kebabs",N/A,50% off | Use SWIGGYIT
Kadala Mane,"Seafood, Mangalorean, South Indian, North Indian, Coastal, Biryani",N/A,30% off | Use TRYNEW
Uncle Peter's Pancakes,"American, Continental, Desserts, French, Beverages",N/A,60% off | Use STEALDEAL
Zahra Chocolaterie,Fast Food,N/A,20% off on orders above ₹400
Madurai Tiffins,South Indian,N/A,N/A
Shetty Lunch Home,Indian,N/A,N/A
Thalassery Cafe,"Kerala, Snacks, Biryani, Indian, Beverages",N/A,N/A
Seven2Eleven,Indian,N/A,25% off | Use TRYNEW
Cocoberry,"Desserts, Beverages",N/A,30% off | Use TRYNEW
Chandni Chowk,"Fast Food, Chaat, North Indian, Combo, Sweets, Snacks, Street Food",3.8,60% off | Use STEALDEAL
Biryani Rhythms,Biryani,N/A,50% off | Use SWIGGYIT
SALMAN KHAN BRIYANI HOUSE,"Chinese, Indian, Biryani, Kebabs",N/A,N/A
Chainaama,"Snacks, Beverages, Bakery",N/A,20% off | Use TRYNEW
KRUST,"Pizzas, Ice Cream, Cafe, Continental, Italian",N/A,50% off | Use SWIGGYIT
SMOOR BAKESHOP,"Beverages, Bakery",N/A,60% off | Use TRYNEW
The OrgaBlend Juicery,"Healthy Food, Beverages, Juices, Ice Cream, Snacks, Fast Food",N/A,N/A
AGADI,"Fast Food, Snacks, Beverages, Juices",N/A,N/A
SMOOR BAKESHOP,"Beverages, Bakery",N/A,60% off | Use TRYNEW
Dragon Chilly,"Beverages, Biryani, Chinese",N/A,30% off | Use TRYNEW
SMOOR BAKESHOP,"Beverages, Bakery",N/A,60% off | Use TRYNEW
Dragon Chilly,"Beverages, Biryani, Chinese",N/A,30% off | Use TRYNEW
Connie's Restaurant,"American, Continental",3.6,60% off | Use TRYNEW
Cinnaspice,"Indian, North Indian, Beverages",N/A,50% off | Use SWIGGYIT
CHOLAY,"North Indian, Indian, Snacks, Combo",N/A,20% off | Use TRYNEW
Haka,"Asian, Chinese",N/A,30% off | Use TRYNEW
CHICKPET DONNE BIRIYANI HOUSE,"Biryani, South Indian",N/A,20% off | Use TRYNEW
The Fruit Bowl,"Healthy Food, Combo",N/A,30% off on orders above ₹149
Aromas of China,Chinese,N/A,40% off | Use TRYNEW
Johnny s cake shop,"Bakery, Desserts",N/A,30% off | Use TRYNEW
The Paratha Gallery,"Indian, Kerala",N/A,50% off | Use TRYNEW
Sri Ganesh Juice Junction,"Fast Food, Beverages",3.5,20% off | Use TRYNEW
DOCTOR JUICE - Immunity Health Bar!,"Beverages, Juices, Healthy Food",N/A,30% off | Use TRYNEW
Cuppa Redefined,"American, Continental, Beverages, Desserts",N/A,N/A
Bombay Sandwich Company,"Maharashtrian, Indian, Street Food, Fast Food, Continental, Combo, Home Food, Be...",3.7,50% off | Use TRYNEW
Flavourmore,"Fast Food, Salads",N/A,20% off | Use TRYNEW
Oottupura,"Kerala, South Indian",N/A,N/A
Food Springs,Chinese,N/A,N/A
Gourmand,"Chinese, Pan-Asian",N/A,N/A
the fresh bowl,"American, Biryani, Chinese, Continental, Desserts, Indian",N/A,N/A
Ande Ka Funda,"Beverages, Chinese, Fast Food, Mughlai, North Indian",3.6,20% off | Use TRYNEW
Go italia,"Pizzas, Pastas, Fast Food, Continental, Italian, Salads, Juices, Desserts",N/A,30% off | Use TRYNEW
Infinitea,"Italian, French, Pastas, Salads, Desserts, Beverages",N/A,30% off | Use TRYNEW
Shenmi by Mystic Hospitality,"Chinese, Continental",N/A,20% off on orders above ₹149
Mizo kitchen,"Fast Food, Beverages, Chinese",N/A,N/A
Bottle Shake,"Desserts, Juices",N/A,50% off | Use TRYNEW
Raghavendra Tiffin - KRM,Indian,N/A,N/A
HSR Food Point,"North Indian, Chinese",N/A,N/A
HBH Hyderabadi Biryani House,"Biryani, Indian, Andhra, Chinese, Desserts, Fast Food, Mughlai, North Indian, So...",3.7,40% off | Use TRYNEW
Cake Express ,"Desserts, Bakery",N/A,30% off | Use TRYNEW
SCHEZWAN MOMOS,Indian,N/A,N/A
Kunafa Lounge,"Desserts, Beverages, Bakery, Ice Cream, Juices",N/A,N/A
Bhojori Manna,"Bengali, Mughlai",N/A,N/A
Momo Hut,"Tibetan, Chinese",3.7,10% off on orders above ₹199
Biryani Bhai,Biryani,N/A,30% off | Use TRYNEW
Cafe Soy,"Chinese, Pan-Asian",N/A,25% off | Use TRYNEW
FALOODA PALACE,"Beverages, Desserts",N/A,N/A
BANOFFEE,"American, Cafe, Continental, Italian, Japanese, Sushi, Asian, German, Mexican, B...",N/A,20% off | Use TRYNEW
